-1.608461112,4.419028613,-1
-10.55136746,-3.838837591,1
-11.44938828,-2.151535433,1
-1.458487611,6.209572162,-1
-0.640608189,6.547810296,-1
-6.365328548,-4.964374508,1
-12.66219751,-5.156269172,1
-10.74435798,-5.489799166,1
-2.747955585,3.104836852,-1
-9.34344023,-2.140684641,1
-3.810605999,5.346849328,-1
-11.0152346,-3.189930938,1
-11.16261792,-4.281730693,1
0.2255463,5.515130623,-1
-0.143699339,4.717334788,-1
-1.077678234,6.610721431,-1
-0.101323003,7.686959339,-1
-2.372619219,5.122905142,-1
-1.98379263,5.657008088,-1
0.106018478,3.444828146,-1
-2.936743391,5.907812004,-1
-2.423018323,4.156760937,-1
-0.701165927,3.70800027,-1
-12.44794294,-3.678308903,1
-7.783091514,-7.10858772,1
0.788343867,3.803806618,-1
-10.35109098,-5.290235006,1
1.925659038,4.774624143,-1
-7.726951381,-5.986255744,1
-10.21404194,-2.764782019,1
-11.31778071,-4.933842209,1
-10.72416568,-2.588236589,1
-8.194623477,-5.861158915,1
-8.80681689,-3.042299318,1
-8.300815197,-2.37834339,1
-10.30127917,-4.542183287,1
-10.99334051,-3.233743169,1
-11.25538794,-5.912097978,1
-9.288677028,-3.046677927,1
-9.14466636,-2.233102454,1
-1.85979291,7.386337535,-1
-2.333578677,6.034366849,-1
-9.024520464,-4.131292058,1
-2.650224692,3.18122323,-1
-10.29847475,-2.898889136,1
-8.354181226,-4.274392847,1
-11.76744984,-2.468412944,1
-1.033606898,5.583645845,-1
-10.28155555,-4.317681126,1
-10.93766496,-2.462051931,1
-11.00105575,-2.719902942,1
-8.897770828,-4.554327085,1
-12.30401477,-2.788119621,1
-9.90812924,-4.03168453,1
-2.858881142,3.969097976,-1
-9.925892343,-3.184646816,1
-1.765155527,3.495293716,-1
-9.986821778,-1.391369276,1
-2.293845348,4.536186479,-1
-2.21775778,5.779918197,-1
-2.518462632,1.931864413,-1
-9.828375774,-5.289768355,1
-8.960258482,-4.091854457,1
-8.947563227,-5.529262586,1
-0.657740564,4.3610447,-1
1.511175733,4.893320143,-1
-11.05164292,-6.520995845,1
-0.526471862,5.457963051,-1
-0.532554053,4.617083024,-1
-1.963600768,4.624967595,-1
-10.23996868,-6.729097247,1
-9.749639654,-2.086659954,1
-4.283668039,6.395373894,-1
-10.13322906,-4.686504833,1
-11.18700811,-2.507443162,1
-2.078206488,6.840763498,-1
-0.353105202,3.643804167,-1
-0.741211121,5.523816674,-1
-3.547084782,3.455801788,-1
-11.83674642,-2.884492702,1
-10.67796718,-5.184706605,1
0.508608056,0.474972415,-1
-1.516422275,5.788664972,-1
-2.868827224,4.480082407,-1
-11.24114548,-4.639190068,1
-9.718376885,-3.959093462,1
-9.108027154,-5.507631397,1
-0.779632128,6.1692579,-1
-4.321453888,3.938145377,-1
-11.49637677,-2.384325866,1
-1.345914891,6.73901386,-1
-11.72627481,-6.069596442,1
-9.623205981,-4.948082294,1
-0.756080986,5.036913174,-1
-9.562923401,-4.418643898,1
-2.505243008,4.54101948,-1
-9.898123454,-3.142445199,1
-12.1485561,-5.662134018,1
-9.661323612,-6.231539032,1
-1.957966081,4.859429937,-1
-0.21477026,1.461877267,-1
-2.435201593,2.910949627,-1
-1.885316394,5.779738771,-1
-1.186107485,1.373188045,-1
0.881153764,4.701794538,-1
-2.795736456,3.862520991,-1
-10.66988021,-4.869541052,1
-3.413001923,1.557295219,-1
-10.82402598,-4.429547803,1
-8.054835983,-4.39827185,1
-11.33891796,-2.550561235,1
-10.00412689,-2.905829108,1
-10.13574415,-4.929181479,1
-0.898682529,4.231638733,-1
-11.81588498,-4.551478497,1
-2.349136428,6.964715145,-1
-2.949300442,3.749627552,-1
-0.884731207,4.020397374,-1
-11.97998257,-3.053495485,1
-10.0490287,-4.375597528,1
-1.704463721,3.343084798,-1
-2.378295554,4.931740607,-1
-7.787351605,-4.406926651,1
-9.750084878,-3.603679593,1
-1.637887283,2.187119817,-1
-9.496660893,-3.663760097,1
-4.715361744,1.492606097,-1
0.980813934,4.315511131,-1
-1.822907606,5.812822133,-1
-4.008167132,5.927223569,-1
-11.47513586,-1.408757767,1
-2.921913913,-0.323546306,-1
-3.643224363,5.310784372,-1
-1.16226981,2.843834446,-1
-10.71059541,-4.413300118,1
-10.24248787,-3.540475242,1
-11.74740873,-5.427457002,1
-0.14726649,-0.117558109,-1
-2.020610659,3.12298278,-1
-9.953888817,-5.461882528,1
0.137186357,6.963381126,-1
-11.47510526,-3.582167744,1
-1.50022582,2.117969394,-1
-3.796851258,3.051325779,-1
-10.24943965,-3.07217422,1
-8.983290238,-2.58521826,1
-10.87145285,-3.856086676,1
-11.37737346,-1.411658518,1
-1.209304426,3.878115099,-1
-0.349048572,5.806369814,-1
-9.127446037,-5.248638442,1
-7.620719444,-2.250122594,1
0.012014559,3.526703961,-1
-3.21549366,3.019678051,-1
-8.398498664,-4.987177,1
-9.28950863,-4.908451084,1
-2.29716637,6.894088879,-1
-0.889512503,5.703242424,-1
1.6925227,4.476759176,-1
-1.819250088,0.219995259,-1
-9.542008746,-6.345692978,1
-3.205756948,3.998581669,-1
-2.128464426,4.558294499,-1
-2.90178129,4.240397248,-1
-11.1962663,-0.058968159,1
-0.73175121,3.741731973,-1
-1.404756023,2.660477912,-1
-11.56312779,-0.387325234,1
-8.115382197,-3.591684872,1
-8.38143253,-3.995416676,1
-1.997690029,3.960858737,-1
-11.73139998,-2.284825568,1
-9.856089393,-6.138383988,1
-8.332205689,-2.041210976,1
-9.540169328,-2.173751903,1
-10.84195607,-5.830597653,1
-11.71100696,-2.925223876,1
-5.655748815,3.766846942,-1
-1.102054469,7.186004096,-1
-3.233161524,4.881478212,-1
-1.38044813,4.124314619,-1
-1.874353523,5.955965537,-1
-12.33635525,-4.958653001,1
-1.002310385,6.089982351,-1
-2.058887665,4.455411689,-1
-10.10280868,-4.962462343,1
-0.918047429,2.165199221,-1
-12.34637477,-4.265168304,1
-3.847063815,5.833562588,-1
-9.197661319,-4.225906341,1
-9.093243977,-5.977111358,1
-2.141281876,4.456085727,-1
-10.08599162,-5.11407255,1
0.441366923,2.156224544,-1
-12.17043505,-3.268220948,1
-1.68628623,3.50628167,-1
-9.552791329,-1.169392157,1
-9.021190745,-3.170581293,1
-10.2873809,-5.757683565,1
-9.932731833,-5.22235988,1
0.060790659,4.331936,-1
-10.37814148,-4.639842549,1
-3.301927675,4.660563518,-1
-7.820132844,-4.11536335,1
-7.308792896,-4.911993298,1
-8.93233108,-3.075949448,1
-0.400258572,3.423064838,-1
-9.555603231,-4.206341977,1
-3.458461954,5.701507845,-1
1.112790146,5.789655421,-1
-0.68659444,4.56750481,-1
-1.673362222,5.406405897,-1
-8.41814894,-3.015521267,1
-9.414939282,-3.907565599,1
-10.03856472,-5.52105701,1
-3.799393037,7.058429791,-1
-8.945230855,-3.473196773,1
-0.872434168,3.690803559,-1
-0.571234129,3.92018354,-1
-9.613633924,-5.026196759,1
-2.696463341,6.120335749,-1
-3.531161087,6.599891843,-1
-8.269702649,-3.689456709,1
-2.793054054,7.183646711,-1
-10.46176567,-5.803858276,1
-10.71118762,-4.807095381,1
2.188619265,3.71031751,-1
-10.0780955,-3.563628225,1
-7.386699908,-3.133494893,1
-1.411744026,5.870934316,-1
-8.232856,-5.447475638,1
1.685851316,3.583348625,-1
-11.10189819,-4.489959788,1
-1.314417803,5.549506639,-1
-1.939221813,3.873627599,-1
-2.826348146,6.080251531,-1
-8.245280372,-5.027442354,1
-1.94099943,4.183078025,-1
-2.707415899,0.912928185,-1
-2.204140082,2.25838933,-1
-3.280625945,5.494700876,-1
-10.95561351,-1.627625584,1
-2.15313723,6.427148066,-1
-0.586254728,6.85284925,-1
-12.66889438,-1.508120345,1
-1.980541578,6.1253809,-1
-7.118959365,-3.236506713,1
-2.802311942,2.967192135,-1
-11.15178794,-4.334814621,1
-10.90928516,-2.85862813,1
-10.74989672,-4.131777252,1
-11.63449834,-5.05791425,1
-1.068878309,4.064278833,-1
-11.24443479,-3.453408945,1
-9.914766473,-3.344622872,1
-9.223882425,-5.094255683,1
-8.848373218,-5.566538272,1
1.220128524,2.318949055,-1
-9.125855096,-5.739325398,1
-0.78258999,4.892901234,-1
-2.503018052,7.338806981,-1
-14.01297457,-4.309896243,1
-12.46766468,-2.547783392,1
0.597222894,3.53884941,-1
-9.842000982,-3.728817254,1
-8.627824225,-2.539578833,1
0.082368634,6.011438177,-1
-1.894962506,6.051762091,-1
-8.30514469,-5.788374405,1
-9.331728655,-2.410347198,1
-9.267002468,-2.620313338,1
-3.335525429,4.758113416,-1
-1.562483848,5.241988279,-1
-10.30622909,-3.929724679,1
-2.791156817,6.285792102,-1
-0.056102473,4.467047015,-1
-12.29976259,-5.230241846,1
0.091052843,4.346986819,-1
-1.085019601,5.818478246,-1
-8.637562938,-3.730513723,1
-11.55026976,-6.111466457,1
-9.430967817,-2.10789953,1
-0.131731194,6.252327169,-1
-2.195831227,5.19047263,-1
-9.702443857,-4.659613512,1
-8.552161458,-6.2979041,1
-9.606471588,-3.564116988,1
-1.114538028,2.936909582,-1
-10.41785573,-5.133602416,1
0.794612777,5.047077675,-1
-0.182132398,6.013368511,-1
-11.24946001,-5.762148915,1
-11.72334265,-4.888715936,1
-11.59791383,-3.160047266,1
0.475861738,5.76248863,-1
-9.531776773,-4.141519338,1
-4.577130344,3.033353316,-1
-2.040829707,6.506255783,-1
-8.326783391,-5.270125861,1
-2.037338202,2.416755397,-1
0.324481072,4.697752393,-1
-0.271308084,3.721008082,-1
-9.104928607,-3.54334786,1
-3.663103083,5.285419049,-1
-0.839464507,3.690417375,-1
-7.473995329,-3.650067791,1
-9.151454651,-5.105212151,1
-11.39371548,-4.228530261,1
-1.153728498,5.918588018,-1
-9.306188558,-1.978588943,1
-4.575442543,2.645454354,-1
-0.639455146,3.92678747,-1
-10.22096712,-3.670710182,1
-6.871528232,-3.382233367,1
-2.513282886,2.813794727,-1
-9.428888355,-5.865341278,1
-2.537842526,6.638702219,-1
-12.71017033,-6.539999049,1
-0.109383701,4.187079957,-1
-0.372542728,2.368294607,-1
-1.347030524,3.313964741,-1
-9.078724774,-5.697280699,1
-5.419220885,1.235243986,-1
-8.518418611,-1.804213907,1
-13.53300987,-5.303029787,1
-8.417498574,-5.829365642,1
-3.214543707,5.224331255,-1
-8.317169804,-2.662666876,1
-2.032018656,6.510242158,-1
-11.70308324,-0.820625841,1
-11.25638635,-2.033563652,1
-1.446182847,5.176748089,-1
-9.516909118,-3.140426284,1
-2.893260689,5.489056807,-1
-0.38187545,6.858393621,-1
-9.116697935,-2.749558526,1
-7.601257059,-3.092868531,1
-1.713981839,3.157896847,-1
-3.948612688,3.263362661,-1
-11.1801272,-5.780308617,1
-2.666429102,4.38749297,-1
-1.381046875,5.362027847,-1
-9.075458845,-3.958137404,1
-10.87014678,-5.687911936,1
-1.204175267,3.205309309,-1
-0.668029475,7.094727182,-1
-10.45643395,-6.651606238,1
-11.28594723,-4.978254625,1
-10.12058173,-5.699433394,1
-0.737470492,3.883013582,-1
-0.925731115,2.731241483,-1
-1.418712418,4.226264905,-1
-1.842790929,3.385212508,-1
-9.564394895,-2.629451904,1
-8.831899311,-5.137059758,1
-9.958514534,-3.159531591,1
-1.219201775,3.864384078,-1
-11.63134322,-2.033261403,1
-2.823402142,2.898094036,-1
-9.205324754,-4.50494651,1
-10.15675581,-2.901649157,1
-3.373337203,3.882475785,-1
1.417200258,5.284982869,-1
-8.847042859,-6.493371609,1
0.032067111,4.481929727,-1
-1.663918081,4.315544415,-1
-9.130096699,-5.297544202,1
1.422376248,4.486604174,-1
-9.852603472,-2.349097046,1
-9.649362282,-3.621325673,1
-10.38260479,-2.206341804,1
-10.30099396,-2.909224993,1
-1.376729933,4.476736906,-1
-3.988608081,5.274186499,-1
-9.762098079,-6.094333024,1
-3.554631318,2.420116043,-1
-10.11013528,-0.781543347,1
-10.14594076,-4.358571999,1
-0.901514744,5.178787126,-1
-2.182266616,5.2130475,-1
-0.092068291,5.319261917,-1
-8.860323355,-3.347762432,1
-10.87462876,-4.939742757,1
1.226163233,3.497517888,-1
-10.58596597,-1.881099424,1
-7.742370667,-6.004100135,1
0.790354408,4.79460361,-1
-10.47322968,-4.198951739,1
-1.295555744,4.709235137,-1
-1.945382352,4.756498558,-1
-2.303638866,3.694605068,-1
-11.18682343,-2.257440781,1
-9.24618808,-3.614697743,1
-3.01380752,5.278753794,-1
0.580274295,3.013523456,-1
-0.267124584,4.531573125,-1
-0.687672687,2.379015791,-1
-11.05853914,-2.932586465,1
-1.934152886,4.074946516,-1
-0.213525958,5.06792387,-1
-10.5782885,-7.062620685,1
-9.435848336,-1.776345874,1
-4.341166469,4.127773584,-1
-2.221766937,3.281535443,-1
-7.582406469,-3.019606151,1
-13.02524508,-1.794645444,1
-0.878341608,4.494047695,-1
0.81333121,5.055675168,-1
-8.417963267,-3.967126126,1
-1.009519378,4.061555835,-1
-9.516569533,-1.075419258,1
-1.434535488,5.101791351,-1
-9.771324378,-3.098721611,1
-0.019599956,3.287153456,-1
-2.004731001,3.66996822,-1
-7.752219632,-3.699942046,1
-0.148209428,4.345912057,-1
-3.269006324,5.149227786,-1
-11.79847496,-3.079567712,1
-2.228836179,2.884284333,-1
-8.924682018,-2.891856045,1
-9.817337284,-2.723318689,1
-12.86606993,-6.05559283,1
-9.301229328,-4.56050144,1
-9.391610346,-3.184697327,1
-9.248549707,-1.870084797,1
-8.660726783,-3.784692514,1
-11.5877639,-5.119894975,1
0.336199267,4.391355216,-1
-1.346041486,1.759877748,-1
-0.681290452,4.059262623,-1
-10.92177619,-4.192025597,1
-9.892175642,-5.732802816,1
0.525231174,4.881445722,-1
-2.811265525,3.859682794,-1
-0.52356772,4.297151501,-1
-0.793141402,4.826833602,-1
-10.87955966,-3.644814986,1
-2.945805143,3.005217104,-1
-0.586559732,5.065180929,-1
-1.096706729,4.373569723,-1
-9.76345362,-6.352807189,1
-7.431917876,-5.261833299,1
-9.326949598,-4.997540317,1
-3.407386909,3.768361332,-1
-9.208464601,-4.628773235,1
-12.41549447,-2.869498877,1
-11.32336948,-3.505096019,1
-10.45271308,-3.433625563,1
0.431561658,3.523320458,-1
0.07588384,4.147230811,-1
-9.011583383,-4.826674444,1
-10.52084282,-4.111776622,1
0.300685973,4.881562356,-1
-10.86106583,-1.587411445,1
0.451555986,4.277469599,-1
-0.913656258,4.762488918,-1
-8.389169698,-3.414823732,1
0.103307583,6.086338374,-1
-3.332011162,2.45355133,-1
-4.469301372,5.787412546,-1
-7.879996594,-2.447353942,1
-0.040974324,3.37624243,-1
0.703641957,6.216401716,-1
-12.78850861,-5.891763479,1
0.916073194,3.20007438,-1
-6.863101128,-3.237343558,1
-7.957147311,-3.373786187,1
-12.06434515,-3.78301604,1
-12.24295262,-2.751558368,1
-2.443094604,3.852606016,-1
-1.643491266,5.222675994,-1
-3.328031341,5.503207923,-1
-2.118865925,5.648451833,-1
-10.41093413,-2.244768604,1
-13.37432733,0.38704028,1
-12.34510566,-2.525075357,1
-1.362110326,4.585002838,-1
-9.201330684,-1.812354467,1
-8.53022119,-4.286301897,1
-10.28448789,-3.740814983,1
-1.895050415,2.403685784,-1
-0.642848549,2.746630268,-1
-8.355614869,-2.738097143,1
-8.160291982,-2.290241659,1
-6.775445139,-3.401019314,1
-2.17541097,2.906236084,-1
-2.281830258,5.084408925,-1
-0.489519203,3.462327463,-1
-11.30794617,-2.596419262,1
-2.575254771,2.822231664,-1
-10.31241907,-3.179173221,1
-7.173168199,-2.775941964,1
-0.688497232,6.48672826,-1
-1.447099099,0.632034077,-1
-0.789064737,2.946588491,-1
-10.208269,-3.740886038,1
-8.451581007,-4.47525355,1
-9.267346973,-5.099857987,1
-9.905411546,-1.562820208,1
-9.353730727,-3.561786543,1
-10.4486352,-5.391897473,1
-1.863525895,3.210585191,-1
-9.965462978,-8.018939158,1
-1.081156467,5.483925972,-1
0.400438777,3.615360683,-1
-9.705279081,-5.674613634,1
-3.314384425,2.772163221,-1
-9.18883177,-5.760064702,1
-9.964034557,-5.259904752,1
-2.002708649,6.826531931,-1
-8.745743646,-7.207116203,1
-3.825730614,3.649791074,-1
-3.504647109,5.232296113,-1
-3.657487406,1.765457028,-1
-2.840530219,4.776873966,-1
-4.238651618,4.492171363,-1
0.423609189,3.414473504,-1
-8.825734239,-4.673400652,1
-10.95846619,-4.139130825,1
-10.72842587,-3.848905743,1
-4.731860594,5.132315343,-1
-0.638091515,7.050403221,-1
-10.35068106,-2.371045869,1
-10.00909313,-3.454017664,1
-3.701029567,3.885974945,-1
-2.339217333,3.295044855,-1
-11.43671002,-3.5573987,1
-8.989669652,-2.608866077,1
0.167351445,1.495468422,-1
-9.023095468,-4.475582271,1
-7.539379108,-5.520845831,1
-0.865361919,4.613041684,-1
-8.749213985,-5.050348368,1
-1.461188238,3.561634963,-1
-11.95417377,-4.850884734,1
-10.24240001,-3.081571131,1
-9.746943831,-4.031648352,1
-11.25572862,-5.766999235,1
-2.629296446,2.233002546,-1
-12.14602014,-4.103511802,1
-8.809051351,-5.854009498,1
-9.74720379,-3.301863934,1
-10.11732287,-6.234467872,1
-3.105044783,4.966381329,-1
-8.437483395,-4.090994837,1
-2.048034186,4.690429665,-1
-1.53871935,5.782619518,-1
-3.19525888,5.258136978,-1
-11.50485942,-2.821123446,1
-1.981540669,5.938362058,-1
-10.41573453,-4.886366779,1
-11.71546767,-2.616666761,1
-12.10559899,-2.840263678,1
-2.268666258,3.373878554,-1
-3.619361015,4.521060589,-1
-2.347012963,2.077431057,-1
0.873015769,4.762476415,-1
-8.154954607,-6.416379039,1
1.085299451,2.26875561,-1
-10.87413551,-3.798601567,1
-9.006040808,-6.349169914,1
-10.10774264,-4.987169675,1
-3.264585262,5.327417215,-1
-1.091696541,3.59694339,-1
-12.01230053,-4.09339017,1
-9.585253649,-2.860651638,1
-11.16761969,-5.088604408,1
-7.176616372,-0.501422905,1
-5.707102518,2.58648268,-1
-2.375931188,4.44548986,-1
0.041094258,2.756652968,-1
0.798882499,2.41825297,-1
-2.175340419,4.471885154,-1
-8.819239135,-2.978056483,1
-10.18559386,-4.572840055,1
-9.613593347,-4.263490548,1
-1.89991708,5.489910054,-1
-3.126219408,4.664425567,-1
-2.332666955,3.397817811,-1
-2.059955349,5.470225627,-1
-0.92371834,2.313565331,-1
-0.361448462,0.954181824,-1
-9.830417686,-5.860100132,1
1.664205098,5.646204704,-1
-9.911314312,-3.945527634,1
-9.88633648,-5.533189008,1
-4.135641805,3.070656493,-1
-1.019173413,3.868606672,-1
-10.37019099,-5.420119025,1
0.695073359,3.854741567,-1
-8.321843626,-4.269981511,1
-2.277018651,6.324281993,-1
-5.431946843,5.628427391,-1
-7.932156319,-5.849665008,1
-11.43503173,-5.277881143,1
-2.289136711,2.567384927,-1
-0.345260112,4.591373064,-1
-10.84314559,-4.259925769,1
-1.439761797,4.784279424,-1
-10.97210283,-4.836968774,1
-2.553689408,5.698924521,-1
-2.316955829,4.375359976,-1
-2.073329,6.249923247,-1
-8.866167899,-4.821479447,1
-12.09962338,-4.689314574,1
-11.09266031,-6.340173121,1
-3.305291446,5.66444199,-1
-9.762038011,-4.531302919,1
-13.62154412,-4.09000003,1
-8.191521214,-6.867997666,1
-10.32293155,-2.920762371,1
-2.710157663,4.101398195,-1
-9.905193799,-5.019571477,1
-9.14995044,-2.456382691,1
-1.714786391,4.575042602,-1
-9.706242723,-4.024204915,1
-10.20266965,-5.999150584,1
-0.663440585,2.439503296,-1
-12.28804205,-2.105675266,1
-2.089137279,3.100158394,-1
-10.56184117,-3.856365007,1
-10.59593955,-5.003262885,1
-2.599244725,2.428706102,-1
-0.350691421,4.871643763,-1
-2.822765558,7.25275608,-1
-14.59392454,-3.780293077,1
-1.181001262,4.032434306,-1
-9.941324315,-4.626869831,1
-5.816670332,-3.344149652,1
-10.87541542,-2.704820824,1
-1.466994421,7.047112644,-1
1.045823566,3.727702409,-1
-8.385038966,-2.105844531,1
-11.47914357,-2.964220337,1
-10.33905295,-2.784959805,1
-9.284946414,-3.572686336,1
-9.400913479,-4.408666455,1
-9.606897293,-6.03165722,1
-3.007584696,4.885975282,-1
-10.84787598,-4.973264249,1
0.986867682,2.325272967,-1
-7.993357427,-1.466090166,1
-3.724884467,3.781651279,-1
-5.93852512,-4.930390848,1
-12.76670733,-2.608738134,1
-2.690318956,3.138681407,-1
-1.043250499,4.693535742,-1
-6.684720059,-4.439846271,1
-3.431154253,5.513570397,-1
-1.584676174,4.73570611,-1
-1.182328606,4.377642418,-1
-10.88972689,-5.830434683,1
-0.845591964,1.46923624,-1
-11.78034941,-2.650837976,1
-13.26505015,-4.433232428,1
-2.747544611,7.383106742,-1
-1.492554006,4.377206031,-1
-12.0348647,-0.285281483,1
-3.110078462,6.233064253,-1
-10.3622481,-4.735323194,1
-0.904782686,6.346328693,-1
-12.51789402,-1.554772404,1
-3.044176842,4.211197057,-1
-2.718320667,6.19551897,-1
-9.84142754,-2.884032598,1
-10.17742606,-5.336688439,1
-7.606506434,-3.50664999,1
-12.46464072,-5.148342172,1
-10.55792719,-5.935008408,1
-7.784937286,-3.786276082,1
-2.780297347,6.94517177,-1
-0.980489473,6.736837701,-1
-4.502460327,4.541083545,-1
-10.74978553,-6.58346875,1
-9.857593487,-1.621105757,1
-8.524722017,-3.29550555,1
-0.176793943,5.96864932,-1
-11.55915677,-7.001599533,1
-2.613329954,4.783700036,-1
-3.621516921,6.615084329,-1
0.047699248,4.849649366,-1
-0.308275982,3.38089808,-1
-0.755006041,4.878137769,-1
-1.198563305,4.508537921,-1
-11.12425892,-4.491799488,1
-10.10664264,-2.218854832,1
-3.155991169,2.696939737,-1
-7.133419466,-1.621314335,1
-12.2464568,-3.304070206,1
-10.27208617,-2.163165255,1
-11.82055063,-4.780333264,1
-10.27709117,-6.583458917,1
-9.414716373,-3.828264044,1
-2.061392025,5.202023069,-1
-2.322903825,4.891780899,-1
-9.931374498,-5.589775241,1
-2.964572241,4.960275573,-1
-9.760233968,-3.934291389,1
-1.634768555,4.672271449,-1
-2.330252753,6.243251426,-1
-11.38187896,-4.291330528,1
-9.464953487,-3.165308235,1
-9.187254229,-4.714234351,1
-13.13023307,-2.215775855,1
-1.342709414,7.477972125,-1
-8.721899505,-5.200652373,1
-9.877101808,-3.10207545,1
-2.28580664,4.60416332,-1
-8.294703661,-5.862512004,1
-0.438045212,5.577194763,-1
-1.713545179,5.962048342,-1
-8.102673922,-3.565646727,1
-11.49788608,-3.132851203,1
-0.959595005,5.957020171,-1
-0.805873012,4.702463856,-1
-5.849187406,7.312783089,-1
-0.493431098,4.228333111,-1
-1.044161288,5.696296327,-1
-9.175475654,-5.626273962,1
-9.097664145,-5.468556515,1
-3.101455304,2.219003178,-1
-8.045909666,-3.959503144,1
-9.329532933,-3.686867302,1
-11.97605774,-2.685208904,1
-0.032932061,4.241344431,-1
-9.255006136,-4.997856323,1
-0.262676388,5.831203092,-1
-10.23562266,-2.910389555,1
-8.391624115,-6.018325901,1
-10.68010427,-0.973539751,1
-5.585495048,1.684399237,-1
-2.919543278,0.959181048,-1
-8.092910612,-0.562227069,1
-3.796060419,6.347763339,-1
-10.77408329,-3.636196094,1
-10.21954296,-2.825467225,1
-3.757779134,4.529141597,-1
-10.10247648,-3.51830466,1
-1.468587953,4.300065356,-1
-9.874937191,-3.211205174,1
0.584267243,5.419670583,-1
-1.517065741,4.527616352,-1
-3.562848345,7.044628894,-1
-9.32770096,-1.480226855,1
-1.9260082,2.140805306,-1
-10.05427629,-3.885454694,1
1.058705731,3.630255135,-1
-2.810524645,5.418345929,-1
-1.69648534,3.24374744,-1
-10.26261269,-4.721449921,1
-9.386438494,-4.059864843,1
-8.049855071,-6.797765443,1
-2.956804818,5.319613492,-1
-10.68587497,-2.869114522,1
-1.398478207,4.673408206,-1
-11.03597486,-5.67321143,1
-0.867634074,2.064810033,-1
-8.588953496,-7.02833839,1
-0.99191484,4.553658238,-1
-11.30646616,-5.594034216,1
-3.719235886,4.879228957,-1
-9.67091178,-5.1241241,1
-2.358792191,6.483976884,-1
-4.876225976,3.852146231,-1
-8.49970662,-3.455807451,1
-1.568434612,4.723177001,-1
-0.727935855,5.840672425,-1
-7.499057362,-0.946783642,1
-9.166689743,-4.762146885,1
-3.082219391,3.771272423,-1
-1.958057182,7.206196932,-1
-9.946000779,-4.456569421,1
-10.07227664,-3.833664284,1
-11.55950284,-5.45098253,1
-9.528942115,-1.89171152,1
-0.497758121,2.550742817,-1
-11.15754327,-2.827564829,1
-0.259115464,1.760827795,-1
-1.527505762,3.293849522,-1
-9.508750172,-2.745632136,1
0.078956052,2.672789462,-1
-11.44895952,-5.251941294,1
-8.578882941,-5.29121303,1
-7.603407285,-4.470809728,1
1.148894987,5.558217062,-1
-3.227861277,4.939416629,-1
-2.901085842,5.852346765,-1
-8.716636243,-2.961014883,1
-13.25589657,-3.667767691,1
-0.153420249,5.715998625,-1
-1.108712185,6.255838657,-1
-9.130675088,-4.380301276,1
-3.087686013,2.701840217,-1
-10.46355799,-7.28844252,1
-1.824547141,4.419313287,-1
-0.390318935,3.117215958,-1
-0.921055072,3.385472657,-1
-1.825230446,3.480446773,-1
-2.260877194,5.642498297,-1
-0.380503813,4.459530014,-1
-11.29031466,-3.243645044,1
-5.9035193,-4.124584149,1
-0.691830926,6.329702614,-1
0.684069388,3.10028754,-1
-1.633812816,3.762776451,-1
1.092516534,5.253064152,-1
-9.716840408,-5.948392902,1
-8.109012209,-5.081314699,1
-8.32326379,-2.940487943,1
-10.04621937,-3.307182098,1
-2.424063017,5.042150014,-1
-7.617088721,-2.953776963,1
-1.425164131,4.121158331,-1
-2.548251834,0.949127962,-1
-0.056080949,4.091860466,-1
-12.69338664,-2.024159175,1
-2.396247613,4.608049543,-1
-3.087653057,3.62927154,-1
0.025558337,4.864390429,-1
-3.10160561,2.265966426,-1
-11.7968062,-5.151121523,1
-0.907415521,3.688568758,-1
-9.910421851,-2.582239027,1
-11.18997707,-4.142203124,1
-2.051362785,5.701384967,-1
0.892292542,4.627893523,-1
-2.177040721,4.060230254,-1
-0.227816406,4.550110026,-1
-2.149309153,2.392476185,-1
-10.99198427,-3.332398744,1
-3.461293389,3.957847419,-1
-0.330821207,4.691282343,-1
-4.641304203,5.698422642,-1
-10.69048676,-6.620825735,1
-8.970483318,-2.187166957,1
-8.205952885,-2.90838626,1
-8.167378786,-4.230248296,1
-11.35414546,-1.510990485,1
-2.826017442,5.58289962,-1
-1.195583203,8.782453013,-1
-9.676985913,-1.268384653,1
-7.433900958,-4.310626077,1
-8.65882991,-5.051396374,1
-1.439412011,5.264197187,-1
-11.82448158,-3.866810408,1
-9.244684044,-5.344804582,1
-10.63717386,-1.682614937,1
-9.507492911,-4.461137135,1
-1.972901256,5.286424656,-1
-11.36565819,-5.160387036,1
-2.703601413,7.31218724,-1
-3.218333389,5.506024716,-1
-4.87326,3.161236573,-1
-1.515388692,4.63456838,-1
-1.610636681,2.490035366,-1
-5.121617676,4.89709248,-1
-9.516103196,-4.825861966,1
-9.400604822,-5.146506949,1
-3.734628935,5.482632802,-1
-6.280704339,-6.621390639,1
-9.67553953,-1.580378825,1
-13.82078758,-1.75083784,1
-2.623870298,5.659077417,-1
-9.037015914,-7.068385471,1
-2.629934938,5.758720206,-1
-3.848032844,5.835311596,-1
-1.85711825,7.664989063,-1
-9.011819035,-4.10443996,1
1.592345699,5.528434863,-1
-1.728359935,4.07838968,-1
-7.268052874,-3.44632318,1
-10.06578634,-7.632728342,1
-0.457598493,5.000235696,-1
-12.11266921,-3.907560616,1
-1.020679641,4.480110465,-1
0.061850106,3.634387486,-1
-11.15427027,-4.769717414,1
0.320028962,5.777416091,-1
-10.21490218,-4.211686031,1
-9.623023793,-5.689623804,1
-9.717485308,-2.53912391,1
-1.840893872,4.015648983,-1
-4.708900084,3.734007385,-1
-2.697051034,3.811359579,-1
-10.84361541,-0.159656709,1
-0.315677684,2.746321564,-1
-0.686099497,3.527724248,-1
-9.878129561,-5.448458204,1
-0.8786954,2.689977784,-1
0.337625763,3.975528074,-1
-1.125984014,5.680870136,-1
-1.864227022,4.227908587,-1
-11.4382321,-5.219218446,1
-9.872562712,-3.052756803,1
-0.718794353,4.650702244,-1
-3.400224697,6.69113494,-1
-1.380242358,5.69391887,-1
-4.446532703,6.260735915,-1
-1.677161228,3.340738857,-1
-0.210228612,5.495365148,-1
0.277223448,4.231823646,-1
-10.34787408,-3.821168991,1
-2.594479897,3.625948328,-1
-8.834903326,-4.58053443,1
-9.166026195,-3.154210192,1
-1.594056416,4.067018505,-1
-10.50029359,-3.382340281,1
-4.900501912,5.016473343,-1
-2.195341194,3.624425291,-1
-12.75156107,-3.444810853,1
0.634311889,5.436213829,-1
0.249375091,2.908640247,-1
-1.627802163,5.049477978,-1
-1.938398172,5.230622609,-1
-2.229093339,3.849942592,-1
-1.868587614,3.313683635,-1
-1.537935097,9.555485017,-1
-3.994972243,3.487826676,-1
-3.049867815,4.132859259,-1
-0.677689677,4.329707197,-1
-2.332044566,5.445523236,-1
-3.268347859,4.841551915,-1
-10.45112026,-4.037860189,1
-6.618882913,-5.46896347,1
-11.86392222,-5.361253883,1
-12.37764658,-5.400279056,1
-11.08668259,-2.484211068,1
-0.817102761,6.678615443,-1
-2.11095598,4.783454317,-1
-7.552484604,-4.650936436,1
-8.587384146,-6.070288748,1
-8.751219595,-3.216657616,1
-4.915626495,3.48325241,-1
-1.03016705,4.269871766,-1
-3.855640266,4.174753078,-1
-8.332106159,-3.467274469,1
-2.549575537,5.171951264,-1
-9.12908168,-2.686570888,1
-9.24580023,-5.132952703,1
0.517583985,3.479434597,-1
-1.449395084,2.277766703,-1
-2.930738713,5.58384684,-1
-11.18611196,-5.584752725,1
-10.81905787,-4.061407973,1
-0.436159366,3.983481015,-1
-3.681207318,6.612599654,-1
-2.493961859,0.505527155,-1
-9.133109667,-1.381365907,1
-11.23506928,-3.735266584,1
-11.16347549,-2.461696044,1
-1.133740938,2.438064752,-1
-3.851665313,3.631968006,-1
0.170251663,2.705801816,-1
-1.386948361,4.63505118,-1
-11.31660784,-4.911620152,1
-8.239038722,-5.185749274,1
-11.31057158,-3.47212039,1
-11.48868419,-5.94791028,1
-10.05850361,-4.767154598,1
-7.30046868,-3.672128681,1
-2.251594427,2.6487698,-1
0.649250609,2.683433524,-1
-0.326000871,7.143718049,-1
-11.2225547,-7.245687518,1
-1.442078915,7.433672647,-1
-0.914802348,4.520455804,-1
-2.096258162,5.318062742,-1
-2.925427138,2.646375009,-1
-12.72688577,-3.573377689,1
-1.223053092,6.018839492,-1
-2.532848563,4.896709338,-1
-4.69886953,4.408072024,-1
-10.801406,-5.239749028,1
-0.984233293,5.347645493,-1
-10.45676725,-3.254712214,1
0.410259946,4.171225953,-1
-10.90081844,-4.333779132,1
-10.19716118,-1.970327871,1
-10.98093495,-2.628185279,1
-1.209483018,3.561280503,-1
-3.399815063,6.431650097,-1
-3.625541754,3.655437506,-1
-12.07680214,-4.309599121,1
-8.4139096,-5.630828303,1
-10.46285467,-1.69118119,1
-7.313934365,-4.235371415,1
-9.55054408,-4.152303403,1
-2.083855233,4.006999542,-1
-11.07534394,-3.841632905,1
-0.481719526,3.409188218,-1
-4.293448366,5.478674265,-1
-10.04830679,-4.079789948,1
-1.8617496,5.980317305,-1
1.917047802,4.294743746,-1
-8.281990815,-4.717653727,1
-10.39141406,-4.887154728,1
-9.439546687,-1.564346048,1
-8.375483623,-2.452169659,1
-7.298894787,-4.306464984,1
-14.30578788,-5.337577328,1
-3.103553753,2.52855372,-1
0.088443256,4.701457811,-1
0.690469396,4.049867722,-1
-1.930940359,3.500608927,-1
-2.41552083,4.433423706,-1
-2.852999825,3.341411045,-1
0.775633249,6.141155278,-1
0.422400808,4.745789504,-1
-8.472218975,-3.783682675,1
-1.194151474,1.265118145,-1
-9.067125382,-4.349443288,1
-0.443132397,5.973153011,-1
-8.673513904,-1.703460802,1
-11.88212982,-2.098390397,1
-9.580592823,-4.002084361,1
-11.32387082,-5.906190793,1
-3.760451576,6.730903149,-1
-10.24145831,-4.683055575,1
-10.34661683,-2.748943547,1
-3.338233004,7.340608224,-1
-0.145924512,4.5744489,-1
-9.290678553,-3.642405738,1
-9.606679782,-3.202869268,1
-10.30794716,-5.617427281,1
-13.06303619,-1.038917707,1
2.408364905,2.75926692,-1
-9.199280234,-4.429732539,1
-0.14436914,5.786516769,-1
-9.566562152,-5.096625789,1
-0.893153244,6.972482627,-1
-1.067917861,5.494773706,-1
-2.08216431,7.491023154,-1
-10.20482449,-3.578284514,1
-3.365516523,3.20188087,-1
-11.25718705,-3.447647184,1
-9.578610477,-3.78117283,1
-9.844618882,-2.176892973,1
-9.946819306,-3.555968612,1
-0.7092966,1.868036046,-1
-11.49386583,-2.09824663,1
0.787977364,5.69782673,-1
-2.134911701,5.367968668,-1
-8.115439373,-3.985004276,1
-1.652408158,5.237868679,-1
-8.948559004,-5.056224237,1
-9.800242278,-2.29777632,1
-1.245405775,4.035965133,-1
-0.760740053,2.201134235,-1
-3.057082249,2.804936355,-1
-1.717283599,3.682399575,-1
-10.93981602,-4.341391702,1
-3.03324768,3.795611804,-1
-8.889039351,-4.115337499,1
-1.182538461,3.071082541,-1
-9.192565236,-2.038523884,1
-0.823260944,3.742506754,-1
0.678648405,4.570593913,-1
-8.042349326,-3.745455329,1
-9.404082815,-0.948440911,1
-9.287775143,-4.965972543,1
-2.584679544,4.386533537,-1
-1.209179391,3.762096358,-1
0.645244586,4.405927356,-1
0.826127051,6.533000888,-1
-13.24510386,-1.085604279,1
-9.5364787,-4.088286196,1
0.251073989,7.357142493,-1
-9.521279653,-4.944092814,1
0.678472476,7.961085152,-1
-1.958900983,3.424585116,-1
-1.227442655,6.653652144,-1
-11.36713063,-4.111433653,1
-0.969887356,4.096993501,-1
-0.14761019,4.994992236,-1
-0.521351416,5.733853091,-1
-12.31641377,-4.048945129,1
-4.623155119,3.523093105,-1
-7.987304638,-6.408059564,1
-12.74154195,-3.601693464,1
-1.508972322,4.888478619,-1
-8.425366665,-1.864932537,1
0.280764525,3.747993373,-1
-10.66765248,-4.257711304,1
-1.99305212,4.105352765,-1
-2.305580847,3.509537055,-1
-9.813456816,-6.477355243,1
-0.490322107,2.777038508,-1
-1.928978348,5.159077533,-1
-10.15406339,-1.156125533,1
-0.91674292,4.144435129,-1
-8.331950684,-2.826317045,1
-9.145816609,-3.317541519,1
-0.14274931,2.191645878,-1
-2.979843503,4.377989087,-1
-9.9620588,-6.604181698,1
-10.16903989,-4.237999297,1
-10.39233438,-5.603868142,1
-9.051749995,-2.216068268,1
-12.29210947,-3.394207824,1
-5.406878977,4.983028898,-1
-5.469493011,3.071547603,-1
-10.17552513,-2.660954191,1
-12.17084091,-4.01541386,1
-12.62384888,-2.92244924,1
-0.887942565,4.380613571,-1
-8.520768248,-6.333951777,1
-8.251249533,-4.662268237,1
0.578286135,4.451507158,-1
-1.054322443,5.296857654,-1
-7.010439629,-2.003904773,1
-9.970236606,-4.138441812,1
-1.786321947,3.960447045,-1
-12.77479011,-3.638534797,1
-3.820873942,6.254869475,-1
-12.31038206,-5.491140063,1
0.813266729,6.594649685,-1
-1.947313234,3.075046423,-1
-2.913634126,4.567882276,-1
-11.54379852,-3.589487272,1
-1.476827999,6.100715731,-1
-9.998632011,-3.343208959,1
-3.568398039,4.87681145,-1
-9.444713964,-3.796400062,1
0.83014336,5.51955611,-1
0.082600067,4.365195789,-1
-10.73133907,-3.085291538,1
-2.156484661,4.986298587,-1
-3.261374771,4.291470825,-1
-8.99486741,-4.384711987,1
-8.618541727,-4.417867768,1
-9.757192319,-4.226355438,1
-10.14467598,-0.385989116,1
-13.05944377,-3.280298012,1
-1.828008531,5.612674145,-1
-11.05152332,-4.955256322,1
-0.815418261,4.767595507,-1
-11.63766837,-3.616672445,1
-8.542166947,-4.535224078,1
-8.773728773,-4.183819535,1
-9.430165823,-4.167841532,1
-13.2713506,-3.803556375,1
-11.14995022,-5.543759276,1
-1.675349169,3.824128508,-1
-10.15790296,-5.041154316,1
-10.86649766,-5.664080549,1
-3.773373821,6.102577901,-1
-9.913196912,-6.193260014,1
-11.05280509,-5.340112939,1
-10.12026591,-6.948466856,1
-3.743885264,5.657914677,-1
-7.611445988,-5.101869889,1
-9.10630518,-3.629559039,1
-0.80620377,7.299690327,-1
0.771808522,3.197212643,-1
-3.295067405,6.956772089,-1
1.439115074,2.19975448,-1
-6.932507534,-3.438736319,1
-3.630861455,4.043787071,-1
-3.987046365,6.541255648,-1
-2.998529916,4.16469239,-1
-1.66239713,2.311559232,-1
-1.843895244,3.002835717,-1
-10.33772554,-5.048667781,1
-9.65175175,-5.235219915,1
-1.114193077,3.107185848,-1
-7.961362787,-4.088602523,1
-10.19825331,-2.776164761,1
-9.376361705,-5.082421001,1
-10.63363713,-2.758552349,1
-10.97844929,-3.414156949,1
-12.66197267,-2.586724896,1
-12.32838642,-4.977620314,1
-8.763570945,-6.836479384,1
-1.005580612,3.375258779,-1
-2.979154608,7.636340073,-1
-1.419504302,5.720743251,-1
-11.81890632,-2.733456356,1
-10.39038505,-5.202418817,1
-1.542828214,5.334060262,-1
1.626489688,1.561948485,-1
-11.44334409,-1.783555584,1
-6.778109232,-0.748740319,1
-4.789145754,4.94919233,-1
-0.938290736,4.570467415,-1
-1.396808312,4.32626433,-1
-8.212227653,-3.296471349,1
-10.54646748,-2.806595369,1
-10.14199404,-3.865234901,1
-10.84206859,-5.272967854,1
-1.911858166,4.145219352,-1
-10.20603455,0.024860972,1
-1.077957912,3.874291726,-1
-3.514839971,5.72024826,-1
-10.53146096,0.38823074,1
-8.853952799,-3.733603498,1
1.542267432,4.366043285,-1
-5.731804649,-0.315882336,1
-11.07913368,-3.312664339,1
-9.559452024,-3.231464859,1
-1.71832729,4.063358612,-1
-10.43034343,-4.447388496,1
-2.283673222,5.35397552,-1
-1.132884561,4.303334174,-1
-5.075506901,4.30205306,-1
-0.548725229,2.975938966,-1
-0.307173825,5.160231377,-1
-3.132801343,3.735527626,-1
-10.68918606,-2.200841298,1
-9.704093625,-4.191057172,1
-0.462464213,4.25359181,-1
-0.533997689,4.28259701,-1
-3.306684624,5.544445463,-1
-2.25524843,5.735624749,-1
-1.479321477,5.332294533,-1
-9.445828471,-3.065747269,1
-1.952145917,5.614580005,-1
-2.502374425,4.887946494,-1
-8.907692555,-4.511288459,1
-10.23028724,-0.784415368,1
-10.65966497,-4.063070385,1
-8.520971478,-2.744465326,1
-0.006204807,2.562128489,-1
-4.170853617,5.644034606,-1
-1.223377986,3.749408108,-1
-1.069896039,1.67061009,-1
-3.602446734,4.517970699,-1
-10.90304525,-2.822989849,1
-0.011527154,6.136308801,-1
-8.365546711,-6.862994263,1
-13.1112084,-5.812370603,1
-0.099426176,3.028829811,-1
0.585048061,6.912583701,-1
-1.939414564,4.25387106,-1
-1.626765651,3.703479144,-1
-1.240826725,6.867320342,-1
-2.066402979,7.200859504,-1
-9.136176035,-3.973813935,1
-2.487080272,3.931542405,-1
-1.23856229,4.296820813,-1
-9.466648747,-3.532133104,1
-11.11793836,-3.903041746,1
-2.108289812,4.834727023,-1
-0.671754599,5.904842342,-1
-10.04712534,-4.394013967,1
-8.470377766,-3.633985367,1
-1.244810949,3.306582463,-1
-2.148651865,4.360122742,-1
-1.607144522,6.587366241,-1
-2.354566858,4.85192592,-1
-1.334908509,3.171324013,-1
1.197428157,6.073074917,-1
-2.597572908,3.515725268,-1
-7.272545624,-1.116417535,1
-1.71760317,1.982831337,-1
-0.379636627,4.196922273,-1
-9.523308582,-4.881010381,1
-1.605263712,7.4514861,-1
-11.09692366,-4.722072486,1
-0.264262598,5.015158349,-1
-8.949740537,-7.428274513,1
-3.155089599,4.246298889,-1
-10.59847355,-4.385165738,1
-9.856452767,-5.52738903,1
-2.131405699,2.388974838,-1
-6.240206477,5.126268426,-1
-0.256838237,7.125281592,-1
-10.92362481,-3.729507474,1
-0.300167786,6.606426979,-1
-10.72412878,1.657024808,1
-9.783545994,-3.799143512,1
-10.79696045,-4.410929538,1
-12.70179558,-5.111184265,1
-0.670985212,1.965332358,-1
-12.76849377,-4.230772594,1
-1.959468996,4.417573344,-1
0.646509806,6.770165038,-1
-1.062739269,2.912473535,-1
-1.798208384,4.049676971,-1
-3.593254965,4.571164288,-1
-3.431214665,3.716594712,-1
-10.79230839,-3.003972322,1
0.410077381,5.310166221,-1
-10.52887583,-3.724476312,1
-11.05313497,-5.14306652,1
-7.931212579,-2.998922652,1
-14.10642511,-3.18787608,1
-0.866240288,1.050860102,-1
-10.29546298,-4.074259039,1
-1.596239286,5.280712689,-1
-10.00235086,-5.600157611,1
-11.3135828,-4.019589747,1
-8.53250762,-2.67409841,1
-2.172024783,3.548451038,-1
-0.984326637,7.05449252,-1
-1.639530891,3.364449476,-1
-4.180571615,1.688859297,-1
-0.749737305,3.300555427,-1
-9.980735493,-1.41683352,1
-1.384109545,4.276849558,-1
-2.83242743,3.750226395,-1
-9.510409675,-4.817276842,1
-9.519775461,-4.363414255,1
-8.80368578,-2.297726512,1
-2.236808279,6.593652227,-1
-7.901802616,-4.396051536,1
-12.29334361,-5.145402525,1
-13.04263011,-3.041428668,1
1.399948493,6.801647716,-1
-0.318883748,5.830391998,-1
-0.379638073,3.786945904,-1
-5.000228854,1.857489462,-1
0.623238744,4.710160904,-1
-2.712032704,3.795435341,-1
-10.69248871,-5.949502371,1
0.12395623,0.928847152,-1
-2.263261343,2.191141397,-1
-3.976153578,2.086648309,-1
-11.03467531,-3.573564225,1
-12.08804795,-5.265159328,1
-11.11442171,-1.57802761,1
1.547182195,3.228188873,-1
-1.999700194,2.059728088,-1
-11.60671016,-3.033164083,1
-5.884479686,-4.718675491,1
-8.922686038,-4.241013812,1
-9.529900158,-4.778564891,1
-9.645555582,-1.738128134,1
-0.943606311,4.046385519,-1
0.153124587,6.080042573,-1
0.260140351,3.728855956,-1
-11.88488638,-3.637911295,1
-12.09040582,-3.398266369,1
-9.725958869,-5.140649196,1
-9.862142134,-3.540386128,1
-10.45880261,-3.996464706,1
-7.908188873,-5.118562635,1
-8.596119443,-5.577814956,1
-10.78965539,-7.060245071,1
-8.511233247,-2.053048701,1
-10.88582142,-3.878859492,1
-10.60010417,-5.452541975,1
-10.53255341,-6.161028594,1
-9.989044916,-3.784802779,1
1.186181125,2.334403139,-1
-3.347739025,3.892633455,-1
-3.433037096,3.407858092,-1
-1.197253705,6.07972393,-1
-1.024318375,4.522499971,-1
-2.222487331,3.448394258,-1
-0.821355424,2.149152943,-1
-11.28538583,-5.510604012,1
-11.06095375,-3.971810091,1
-1.547245759,1.726086763,-1
-9.085179439,-4.480886362,1
-1.588257973,4.756409459,-1
-5.846725963,7.414832233,-1
-0.460698599,6.403788654,-1
-3.32971406,4.305374831,-1
-2.871143456,6.256627233,-1
-4.089028447,7.414200657,-1
-10.93169737,-4.179337969,1
-8.599332813,-2.903965205,1
-10.1241963,-5.419449612,1
-1.889414149,0.7577271,-1
0.451750094,4.600142238,-1
-3.085923783,3.349964372,-1
-1.994922237,2.799420048,-1
-6.598212523,-2.889540746,1
-10.69549202,-1.264864063,1
-10.29024382,-6.914720191,1
-1.032017031,5.50065448,-1
-1.061662324,4.118484324,-1
-2.406880251,3.940012401,-1
-0.544525091,2.142130843,-1
-4.587717837,2.302996151,-1
-8.254026423,-4.649789701,1
-0.467020764,3.844832391,-1
-1.209822103,1.621527736,-1
-11.6647719,-0.500896793,1
-1.584084277,5.38197469,-1
-9.896623124,-3.225582217,1
-1.24881927,4.151364525,-1
-3.565251071,4.83098317,-1
-0.890165175,3.959350616,-1
-13.8710647,-3.16826312,1
0.080947949,4.960728943,-1
-1.812123577,1.707541175,-1
-6.902934345,-2.041345832,1
-0.897583401,3.920441375,-1
-0.578531004,2.088318413,-1
0.069338797,4.070136211,-1
-11.74315527,-4.555507826,1
-3.965103206,5.162349198,-1
-1.833537684,4.143301416,-1
1.422152237,3.519140493,-1
-3.108492718,4.884528683,-1
-9.617629584,-3.438409938,1
-11.30896408,-4.749746494,1
-1.015270696,3.495992272,-1
-9.284071934,-3.392433488,1
-3.384144088,5.044923738,-1
-11.26550565,-1.9881097,1
-8.978198913,-3.805737383,1
-10.90874021,-3.32614186,1
-1.310818067,5.430316979,-1
-0.582235332,3.287229303,-1
-11.520069,-3.241892599,1
-12.45747065,-2.490340628,1
-3.310488672,6.123575434,-1
-7.331112109,-1.308611122,1
-1.934660202,6.057990173,-1
-1.127656828,4.087929941,-1
-8.773824242,-0.919484886,1
-9.087810038,-3.380764748,1
-9.801074204,-3.429723021,1
-10.80277063,-4.903410549,1
-0.446293366,7.091121894,-1
-10.74535436,-4.410463956,1
-9.850967758,-2.29534562,1
-8.521184919,-2.354962617,1
-7.658694105,-1.807463998,1
-1.688533916,4.810586048,-1
-2.217656927,4.532935955,-1
-10.91967389,-3.772834905,1
-8.685218418,-5.527402246,1
-8.963323278,-4.325044807,1
-1.551182057,5.921170871,-1
-0.773819107,6.02255472,-1
-1.15718719,6.960134939,-1
-0.209751031,5.476063444,-1
-1.763552951,4.243901768,-1
-8.864651002,-5.343837258,1
-10.23326572,-2.95403183,1
-0.901979278,4.0059836,-1
0.41991149,5.228684246,-1
-2.183200451,4.765056927,-1
-1.150328198,4.845886557,-1
-10.03658665,-6.884636271,1
-0.303995756,3.560243973,-1
-10.04391447,-1.58497769,1
-1.261096302,4.015790781,-1
-9.46141486,-2.549386185,1
-10.9996076,-3.945940384,1
-1.451241594,2.600337844,-1
-0.41471834,5.648177011,-1
-12.00381489,-2.565409642,1
-12.26553521,-3.632695341,1
-2.368873244,2.295893703,-1
-0.925284979,4.764683655,-1
0.732137042,3.063327583,-1
-8.603148697,-5.986134188,1
-0.732581605,4.13022538,-1
-8.621091836,-4.918799798,1
-10.23577439,-2.616529312,1
-10.98208301,-3.534005607,1
-11.62856301,-2.25292836,1
-8.820118786,-5.515977755,1
-12.57275436,-4.938973587,1
-1.993180949,6.611730385,-1
-12.52514368,-5.070828297,1
-12.11862272,-5.434374868,1
-8.371784536,-3.972991664,1
-0.183541551,3.566967736,-1
-10.45135969,-2.142373002,1
-11.46079532,-3.164205898,1
-8.747685771,-3.819965358,1
-9.865289038,-4.690746488,1
-9.212653088,-4.668745644,1
-1.49751368,4.450616297,-1
-7.233070746,-1.830996817,1
-11.86116327,-3.177440081,1
1.598845868,3.168009032,-1
-2.468108776,5.372639851,-1
-12.39367825,-0.617617324,1
-2.872830701,5.242649048,-1
-8.067022104,-6.242990096,1
-7.351338135,-3.942007955,1
-8.980467656,-2.552315634,1
-8.44334834,-5.686922479,1
-0.724516641,3.754054844,-1
-3.334264933,4.52788052,-1
-9.174219816,-6.812697816,1
-1.375761778,6.242393882,-1
-9.56821585,-4.790099479,1
-12.04789706,-5.245922423,1
-0.619510567,3.269388876,-1
-4.020670044,4.557379995,-1
-10.42229181,-5.892454651,1
-11.00217341,-1.095795166,1
-0.212227701,8.042949798,-1
-1.840256764,2.556808766,-1
-2.138481194,4.12349036,-1
-2.01647281,6.139421698,-1
-7.655132397,-0.916349692,1
-1.127569176,3.212391995,-1
-1.45540321,6.015886516,-1
-1.181102167,4.803791308,-1
-1.685742334,5.503593645,-1
-10.44507048,-3.36223837,1
-2.589561172,5.45353792,-1
-8.191722135,-3.562148449,1
-0.508619466,2.18550794,-1
-9.634096375,-3.482405933,1
1.503562739,6.826832195,-1
-9.195357924,-1.250923475,1
-1.811631078,3.90817385,-1
-2.60844512,4.091719446,-1
-10.99349859,-5.837387275,1
-0.166003994,3.46379604,-1
-9.190315275,-3.391548062,1
-7.375169554,-3.238922824,1
-0.936296283,1.587559382,-1
-11.24488012,-5.931985392,1
-8.884200143,-5.65025536,1
-3.211254378,3.897450213,-1
-3.645178023,4.730989305,-1
-8.840709565,-2.477890584,1
-7.276750612,-5.239170641,1
0.960092728,3.243884438,-1
-11.60621067,-6.213961933,1
-2.866372284,3.436616546,-1
-2.349474152,5.373020368,-1
-2.519601,4.230618353,-1
3.322058228,3.506151873,-1
-11.32849383,-3.837357677,1
-5.295141494,-3.292878884,1
-11.88111331,-2.38335647,1
1.618803204,2.311745366,-1
-2.062116862,4.208976429,-1
-0.273925952,0.725651973,-1
-2.652397658,4.795037722,-1
-4.774762939,5.82774162,-1
-2.561295107,5.240600134,-1
-1.773636355,3.916190751,-1
-9.774477654,-4.780361049,1
-11.94842318,-3.201613961,1
-9.887588015,-3.329309302,1
-0.450689945,4.077161618,-1
-0.967813756,2.642515862,-1
0.765864492,5.160601192,-1
-1.00706242,5.772125273,-1
-1.918202217,3.089702242,-1
-7.170264506,-1.172430888,1
-3.264992343,4.235817522,-1
-1.693098964,2.305784903,-1
-12.30783111,-3.32245846,1
-1.946103663,3.227307963,-1
-4.365475344,4.811038139,-1
-0.099502224,5.266388042,-1
-6.975739193,-3.073021429,1
1.208543214,4.21097697,-1
-12.7655889,-2.665442644,1
-10.92037152,-6.367354599,1
-12.15811018,-6.010975582,1
-8.387458244,-4.956922765,1
-3.25395305,4.024540271,-1
-9.902694655,-5.134668365,1
-11.02482206,-3.889873379,1
-2.228239322,7.103368918,-1
-0.176692779,4.042250237,-1
2.886725763,5.643366806,-1
-8.125026579,-4.144570964,1
-1.864118671,2.352569261,-1
-9.468039018,-4.704813858,1
-2.32705241,2.582083335,-1
-9.788229151,-5.252866425,1
-7.963682847,-4.097585893,1
-0.037920416,6.993077449,-1
-10.28217799,-2.660842962,1
-0.886439203,2.73418329,-1
-10.24363782,-6.069797505,1
-1.110061884,2.839605796,-1
-1.100874629,4.183755164,-1
-0.228571561,3.261775967,-1
-1.23243774,4.800191037,-1
-5.140197709,-5.534911101,1
-2.711576545,3.600655333,-1
-0.011065407,3.054038133,-1
0.178173868,2.826170758,-1
-13.74605392,-4.75044186,1
-8.99332346,-3.423648666,1
0.786384782,4.665713995,-1
-3.143006592,2.98169408,-1
-7.38010984,-4.224185513,1
-10.55342779,-5.526928597,1
-2.297034699,6.584008231,-1
-2.457910937,6.083689964,-1
-12.80250331,-2.665937283,1
-2.203478037,2.178755192,-1
-10.10694389,-5.968492755,1
-1.412562307,5.573751137,-1
-3.489176501,8.080542842,-1
-9.984829588,-5.541319022,1
-2.904817749,3.085623469,-1
-0.069068642,1.839738379,-1
-11.81927255,-4.468598586,1
-10.44869266,-4.473787598,1
-2.612191035,3.064933903,-1
-1.379717819,5.02156734,-1
