-1.5153886924392386,4.634568380243305,0
-8.932331079941452,-3.075949447737785,1
-2.3169558294797667,4.375359976445526,0
-3.9886080807137727,5.2741864992275245,0
-11.124258924420623,-4.491799488448775,1
-7.976313134209708,-0.9272629770334913,1
-1.3802423582441141,5.693918870166473,0
-10.875415423306137,-2.7048208242067577,1
-9.85096775784347,-2.295345619632175,1
-9.067125381889289,-4.349443287914825,1
-2.182266616127466,5.2130475000044925,0
-9.613633924457321,-5.026196758520388,1
-1.7126117932665859,7.572397449244226,0
-9.962058800120962,-6.604181698115386,1
-0.81541826101998,4.7675955071997596,0
-9.95764911579956,-5.235928957169287,1
-0.7745007097072742,3.38741419434731,0
-9.801074204140644,-3.429723021041224,1
-9.327700960205041,-1.4802268547524235,1
-9.521279653181242,-4.944092813903805,1
-8.853952798690086,-3.7336034978127213,1
-2.34947415220955,5.373020367888645,0
-1.1823286064304854,4.3776424176967055,0
-9.331728655287424,-2.4103471983120954,1
-1.6278021630662962,5.049477978293991,0
-11.818906322433131,-2.733456356276017,1
-2.148651864588724,4.360122742436958,0
-11.6376683668066,-3.616672445322549,1
-10.135744153225598,-4.929181479247643,1
-3.049867814761456,4.132859259298515,0
-9.529900158094222,-4.778564891046906,1
-11.884886382955223,-3.6379112951877333,1
-0.578531003805266,2.088318412713471,0
-10.55792718673597,-5.9350084078470084,1
-2.502374425351808,4.88794649374631,0
-8.806816889938881,-3.0422993184366653,1
-3.5786991404188027,2.3961761049879104,0
-8.975609638452692,-2.8523308324848435,1
-2.822765558004403,7.252756079552187,0
-9.980079242863276,-2.1411993556523816,1
-2.696463341091763,6.120335748850994,0
0.8301433597162862,5.519556109709165,0
-10.144675979466163,-0.38598911621037857,1
-0.40555282679711624,6.721528535049887,0
-1.1825384613197663,3.0710825406807882,0
-12.525143676882156,-5.070828297403083,1
-0.43615936638220254,3.9834810152267206,0
-1.2955557443258277,4.709235137154168,0
-11.23495389458758,-3.1660721294880974,1
-0.18005712421665665,4.726790720846324,0
-1.2863611638668637,3.9615281402868674,0
-1.5624838476671907,5.24198827910191,0
-10.235622658493572,-2.910389554504172,1
-0.8628142157641818,4.412491131806225,0
-1.5962392858751302,5.2807126894168945,0
-2.5992447254435938,2.4287061017363403,0
-0.6406081885240251,6.547810295834179,0
0.5086080560708259,0.47497241513116384,0
-2.0027086492537634,6.8265319306878345,0
-7.233070746193009,-1.8309968170840114,1
-3.5311610873072503,6.599891843006372,0
-3.6024467338701505,4.517970699367109,0
-10.452713083465113,-3.433625563288974,1
-1.8597929099976105,7.386337535256762,0
-2.584679543540269,4.386533536881916,0
-2.457910937295786,6.083689963919705,0
-10.9584661880253,-4.1391308245613905,1
-11.72334264783974,-4.888715935635451,1
-0.8232609438825381,3.742506754337932,0
-9.582022752811373,-3.7279280867530113,1
1.2085432138571246,4.210976970420152,0
-7.658694104870875,-1.8074639983626186,1
-5.846725962831268,7.414832232675133,0
-5.2798144077092015,1.7401403051341804,0
-2.868827223878705,4.480082407402816,0
-11.628563009653991,-2.2529283599455168,1
-1.3599205731595783,5.8055719893752995,0
-0.5865597322913594,5.0651809286713645,0
-2.42406301686914,5.0421500141349185,0
-1.419504301776774,5.720743250517499,0
-4.32145388828577,3.9381453767764434,0
0.3049989525754606,2.674015916449115,0
-1.908589710490516,6.159879430334969,0
1.4223762478286543,4.486604174040683,0
-3.1050447833000763,4.966381329318828,0
-9.487180060273065,-4.650390250600116,1
-7.133419466324233,-1.6213143353394548,1
-5.469493010907031,3.0715476033616063,0
-1.5511820572146926,5.921170871264499,0
-0.9167429199815789,4.14443512922941,0
-8.864651002337151,-5.343837258427158,1
-9.898123453884565,-3.142445199226647,1
-8.524722017074362,-3.2955055502296435,1
-9.391610345931523,-3.184697327154686,1
0.2997491917546533,3.4995854150965977,0
-1.4125623071747095,5.573751137492511,0
-8.102673922375061,-3.565646726794003,1
-10.749896723093258,-4.131777251504287,1
-2.1754109697641084,2.9062360840343877,0
-2.4958019886275844,5.815242985137893,0
-13.025245081195312,-1.7946454435623052,1
-9.464953486947493,-3.1653082353496473,1
-1.1276568277792776,4.087929940607231,0
-1.0916965407547765,3.596943389623384,0
-3.967749774565484,3.7346470917689834,0
-0.6380915149774424,7.050403220968133,0
-11.015234604144016,-3.1899309380847205,1
-0.2102286120810073,5.495365147624393,0
-2.3307698150429745,4.6893642374097215,0
-1.5940564161809359,4.067018505072753,0
-8.049855070992134,-6.7977654429997925,1
-10.15790295835718,-5.041154315858852,1
-11.272662805747316,-3.9758341903560996,1
-2.0588876649539527,4.455411688883199,0
-13.020959517142892,-3.407207177442597,1
-9.582004256289437,-2.11148550010028,1
-10.53624341448236,-7.680691660195653,1
-0.7825899902323803,4.892901234015793,0
-3.0926977995090534,5.285355515497085,0
-0.7245166410814705,3.75405484441032,0
-7.99335742664784,-1.4660901659783878,1
0.3097832113460728,4.441525410197648,0
-11.815884975866547,-4.551478496754332,1
-0.5325540532077926,4.617083023514187,0
-9.856089392783796,-6.1383839884053035,1
-1.3460414858434653,1.759877747897085,0
-3.4073869089935744,3.7683613316357203,0
-9.844618882108847,-2.1768929725346124,1
-1.1955832026415272,8.782453013152823,0
-1.7139818387790728,3.157896847310128,0
-0.8058730122113515,4.702463856464847,0
-9.749639653707616,-2.0866599543198103,1
-1.2192017750761344,3.864384078040452,0
-2.9063200107266236,3.5605101812279267,0
-3.4584619544512987,5.701507845159194,0
-10.633637130513291,-2.758552349383569,1
-10.685874966966182,-2.8691145222628265,1
-0.63355791367559,3.87637489454264,0
-8.269702648631124,-3.6894567086734398,1
0.3244810717144402,4.697752393283827,0
-10.346616829774597,-2.748943546688512,1
-0.10938370105216366,4.187079956926131,0
-9.104928607466205,-3.543347860076004,1
-0.3308212074996588,4.691282342917805,0
-9.841427539844172,-2.8840325981791732,1
-2.6502246920887504,3.1812232300528764,0
-1.1571871902979305,6.960134939205075,0
-0.620698384639486,3.688481334219669,0
-12.265535210782682,-3.632695341053571,1
-1.8999170796330531,5.489910054295235,0
-1.044161287853253,5.69629632653853,0
-11.798474959553802,-3.0795677123903102,1
-2.8260174420124393,5.582899619503788,0
-11.475135864882107,-1.4087577665708078,1
-10.87014677905072,-5.687911935804439,1
-4.900501912398021,5.016473342865969,0
-13.37432732668987,0.3870402803802486,1
0.12395622963906572,0.9288471523120525,0
-9.675539530455168,-1.5803788246748662,1
-9.174219815870764,-6.812697815893825,1
-8.294703661474548,-5.862512003560937,1
-3.0822193906292146,3.7712724230048575,0
-1.439761796800909,4.784279423723417,0
-3.62554175438661,3.6554375060619,0
-10.24363782348949,-6.0697975047801656,1
-9.430967816706161,-2.1078995301385492,1
-8.092910611841655,-0.5622270694262959,1
-11.241145479820393,-4.63919006806307,1
-6.87152823211675,-3.3822333673983724,1
-10.175525128816869,-2.6609541913506254,1
-9.555603231360188,-4.206341977479141,1
-0.21477026023788648,1.4618772669202622,0
-9.714543698164677,-4.435064162108944,1
-8.530221189748863,-4.286301896929112,1
-9.43584833571925,-1.776345873722399,1
-10.370190994343865,-5.420119025249019,1
-3.108492718297256,4.884528683013859,0
-0.8783416076319117,4.494047694787657,0
-8.94855900375117,-5.056224237405665,1
-10.078095504037988,-3.56362822535163,1
-1.610636681213505,2.4900353662213095,0
1.598845867783667,3.168009032447363,0
-1.980541578290812,6.125380900044644,0
-3.9261748178138234,3.099356770450725,0
-1.3810468753101919,5.362027847035449,0
0.7879773644976762,5.697826730370806,0
-11.313582795620519,-4.019589747123463,1
-9.343440229801805,-2.140684641090913,1
-10.900818437185988,-4.333779131754172,1
-10.710595413700036,-4.4133001184171095,1
-11.381878958713859,-4.2913305279058385,1
-0.2739259523525719,0.7256519733462605,0
-9.813456816276698,-6.477355242825978,1
-7.308792896204341,-4.911993297658394,1
-7.331112108965893,-1.308611122038846,1
-2.5612951069225947,5.240600133959239,0
-12.293343606311026,-5.145402525001566,1
0.7883438670340226,3.803806618095331,0
-11.861163271153387,-3.177440080908309,1
-9.444713964159275,-3.7964000623525247,1
-12.377646584233364,-5.400279055554721,1
-8.820118786429939,-5.515977754691549,1
-2.217656927463459,4.532935955208598,0
-10.23326571963855,-2.954031830307396,1
-9.032219948647244,-3.412031747563486,1
-1.8408938716780243,4.015648982909635,0
-8.945230855397494,-3.4731967730326954,1
-7.909162724640062,-5.348818944523924,1
-9.762098079093253,-6.094333023555708,1
-3.3320111622417725,2.453551329819217,0
-0.3082759820519019,3.380898080081662,0
-1.9815406692875537,5.9383620579915135,0
-0.8786954003384633,2.6899777844084474,0
-8.870961885487262,-6.0720368150644495,1
-3.233161523701444,4.881478211578143,0
-10.156432407868019,-3.8920504675705976,1
-2.513282886216475,2.8137947268768895,0
-1.0336068984862257,5.583645845366545,0
-7.627686109541386,-3.9431725661428394,1
0.881153763983602,4.701794537718599,0
-10.00909313076674,-3.4540176635197897,1
-2.0664029786289118,7.200859503503369,0
-8.970483318390164,-2.1871669565277463,1
-1.8950504146884963,2.4036857843203743,0
-9.76023396799801,-3.9342913892648532,1
-7.742370667487657,-6.0041001349214635,1
-5.406878977338014,4.983028898455149,0
-10.242487868195228,-3.5404752421895176,1
-3.3998150634219337,6.43165009686575,0
-10.898388315986809,-5.322228698057525,1
-10.106642638693277,-2.218854832230732,1
-2.4106254543388093,2.87144656661289,0
-13.746053915719212,-4.750441859517542,1
-3.3143844253581487,2.772163221148599,0
-10.37476022209362,-4.542822046717431,1
-0.2097510306049335,5.476063444298065,0
-9.20532475438017,-4.504946509599181,1
0.6492506085340746,2.683433524387743,0
-2.305714515036922,5.822916962642095,0
-10.20826899596061,-3.7408860381169866,1
-7.901802615888154,-4.3960515363399715,1
-1.7141278715946615,7.2576588484289,0
-7.433900957703924,-4.310626076685775,1
-9.747203790276473,-3.301863933568849,1
-12.315002818564267,-3.235230850612785,1
-0.727935854690007,5.840672425030206,0
-2.2748851348560186,3.725989181758662,0
-0.737470492207347,3.8830135824698324,0
-2.0047310011254202,3.6699682197944963,0
-9.568215849949292,-4.790099478971986,1
-9.414939281689623,-3.9075655986281954,1
-10.991984271809402,-3.332398744128483,1
0.10601847771644302,3.4448281460463277,0
-11.443344094518901,-1.7835555837803887,1
0.15312458687942487,6.080042573019891,0
0.17025166259741265,2.7058018157527943,0
-6.866891890020554,-4.687201630472067,1
-1.9579660813743636,4.859429936952379,0
-10.106943888785953,-5.968492754796354,1
-9.562923401413867,-4.418643897863386,1
-0.5487252293041074,2.9759389661312596,0
0.06079065865070499,4.331936000105148,0
-11.034675311226941,-3.5735642251871647,1
-3.504647109448962,5.232296112807484,0
-10.473229682649105,-4.198951738823421,1
-9.931374497606544,-5.589775241498142,1
-3.143006591585826,2.981694079611673,0
-8.599332812770081,-2.9039652050423257,1
-4.577130343866578,3.033353316495602,0
-2.1770407211809886,4.060230254139958,0
-8.239038722371987,-5.185749274222397,1
-10.284487887639909,-3.740814983225764,1
-10.874628759575252,-4.939742757077451,1
-10.880681651400634,-3.9419073750439115,1
-12.774790107102415,-3.6385347972751414,1
0.29227735064522253,3.9379016960560067,0
-2.901085841858024,5.8523467650061,0
-6.775445138500225,-3.4010193138126863,1
-2.5975729081475016,3.515725267961397,0
-9.771324378190066,-3.0987216108562006,1
-10.522384996700046,-3.5505577947356426,1
-9.024520463674984,-4.131292057543373,1
-11.05164291979983,-6.520995844953884,1
-12.768493769975901,-4.230772594070027,1
-9.800242277792766,-2.2977763203179027,1
-10.818170373211476,-4.346729357770061,1
-0.0994261762173767,3.0288298113931225,0
-9.852603471757996,-2.34909704581252,1
1.925659037551748,4.774624142626841,0
-2.780297346574776,6.945171770384782,0
-1.825230445574494,3.48044677327462,0
-11.623652708980071,-7.193752666937156,1
-2.9935562769102924,4.588372299398529,0
-2.8105246454461215,5.418345929277168,0
-0.1767939426198093,5.9686493204088755,0
-1.9729012560106867,5.286424655616458,0
-11.497886083573126,-3.1328512028950164,1
-9.746562621481218,-2.414724225653243,1
-8.154954607254957,-6.41637903912412,1
-0.26712458356091884,4.531573124697026,0
-12.434250948401932,-5.218024542502464,1
-2.6655533353820653,4.97283554832454,0
-9.197661319012665,-4.225906340592626,1
-0.4354943794624282,3.487879409149926,0
-3.264992343342639,4.235817522372537,0
0.8261270511158689,6.533000888342202,0
-9.430165823383113,-4.167841532429292,1
-8.560609726254011,-1.3933557851399923,1
-3.568398038817511,4.87681144953831,0
-3.3841440881602325,5.044923738259717,0
-8.947563227057554,-5.529262586130317,1
-10.561841172532434,-3.8563650073086975,1
-9.702443856551785,-4.659613512179188,1
-10.54646748462613,-2.806595368568054,1
-12.765588902562918,-2.6654426442934436,1
-1.0616623237063636,4.118484323896595,0
-11.820550630849798,-4.7803332640302285,1
-2.0142153336679995,5.498210118842635,0
-9.40060482183197,-5.146506949476184,1
-11.307946166780344,-2.596419261794312,1
-2.289136710817777,2.567384926983587,0
-1.8685876141249014,3.313683634706109,0
-1.8853163944241969,5.779738770937021,0
0.27693015149421374,4.526249285727591,0
-10.214641483462254,-3.120593587084558,1
-8.413909600378526,-5.6308283026825325,1
-9.125103570198775,-4.818258877294521,1
-1.9346602019285555,6.057990172845884,0
-3.5470847818729947,3.4558017882981322,0
-9.980735492965643,-1.4168335198858095,1
-4.657705822208522,4.7260284584354455,0
-1.8402567636312808,2.5568087656735217,0
-0.6345255240796157,5.319359944034706,0
-8.281990814986415,-4.717653727281313,1
-4.502460327163218,4.541083545010138,0
-1.5379350972516306,9.555485016536501,0
-4.02067004364912,4.5573799953627505,0
-9.51610319578205,-4.82586196561976,1
-12.012300532389387,-4.093390170290188,1
-9.085179438615773,-4.4808863615485715,1
-1.5316354326798,4.726483772939643,0
-4.469301372401472,5.787412545925596,0
-3.2278612770138615,4.939416629352506,0
-10.532553409756629,-6.1610285941127945,1
-11.631343223238849,-2.0332614026087765,1
-8.660726782905462,-3.7846925136329896,1
-1.261096302177092,4.015790780545092,0
-11.257187046786964,-3.447647183794923,1
-9.274703218829583,-4.585000390527488,1
-2.0613920253875433,5.2020230689504405,0
-7.17316819916881,-2.7759419639203164,1
-2.4939618588729204,0.5055271551735192,0
-9.70527908146823,-5.674613633874522,1
-9.474011574916094,-3.275244717392737,1
0.07588383963882706,4.147230810999952,0
-11.196266302766793,-0.05896815894559726,1
-6.280704339477344,-6.6213906390418344,1
-2.866372283978683,3.436616545771083,0
-2.283673222188794,5.353975520329473,0
-10.792225556890093,-4.277612069488167,1
-9.055199930244255,-3.1475268155713296,1
-8.499706620304021,-3.455807450971032,1
-9.153899828365747,-1.435207948122157,1
-8.857334883117996,-5.148944395783445,1
-10.169039893850165,-4.23799929702878,1
-9.50875017184916,-2.7456321359057254,1
-6.537321592696342,-5.376472425376862,1
-1.9182022172741733,3.089702241961104,0
-7.5524846035200905,-4.6509364364149395,1
-8.848373217621969,-5.566538272168187,1
0.02256665640497646,5.019840675748403,0
-8.748484388370537,-3.0281777019922393,1
-2.1314056988244507,2.388974838440599,0
-1.9409994296153588,4.1830780251264486,0
-3.0138075197041925,5.278753793705345,0
-8.375483622887796,-2.4521696587015103,1
-2.195831226977039,5.190472629990345,0
-6.365328547746655,-4.964374508172925,1
-2.707415899023301,0.9129281852026532,0
-0.889512502528748,5.703242424127003,0
-0.38187544967554565,6.858393620897284,0
-0.05608094852014278,4.09186046570933,0
1.6264896875060808,1.561948484506523,0
-8.332106158791191,-3.46727446850258,1
-8.83189931098627,-5.137059757587306,1
-9.039233573113288,-2.4231195805901766,1
-3.2613747706783522,4.291470824784564,0
-11.944987342378663,-4.585917060415302,1
-9.195357924386977,-1.250923475466184,1
-10.919673891028467,-3.7728349053514596,1
-0.4462933655499963,7.091121893652568,0
-1.1470270076391893,4.218730871962618,0
-8.587384145975363,-6.070288747621542,1
-8.24528037230968,-5.0274423536135515,1
-2.549575537312148,5.171951263961045,0
-0.9436063113606933,4.046385518713976,0
-8.552161458374123,-6.297904099651506,1
-10.801405996674095,-5.239749027667561,1
-9.46803901804793,-4.7048138577872525,1
1.1861811251303016,2.3344031391603566,0
-2.0004386699890366,3.3152757042634597,0
0.597222894048488,3.5388494100456933,0
-8.115382196514606,-3.591684871792472,1
-1.7183272902627647,4.063358612012843,0
-9.865289037655169,-4.690746487678036,1
-10.382604791268745,-2.2063418039148015,1
-4.283668038542353,6.395373894075885,0
-0.14726648958312616,-0.117558108970786,0
-11.460795321709815,-3.1642058978623617,1
-11.163475486570949,-2.4616960438293445,1
-12.28804205208867,-2.105675266292391,1
-3.3382330037881114,7.340608224398625,0
0.5047554867959443,3.596967525539423,0
-12.088047954111595,-5.265159328397445,1
-8.19172213502866,-3.5621484489844857,1
-8.38916969780575,-3.414823731551842,1
-10.322931546891086,-2.920762371430955,1
-10.054276294953741,-3.885454694282138,1
-1.5002258198956928,2.117969394499125,0
-1.7176031698475962,1.9828313367882195,0
-12.034864695095866,-0.2852814830411221,1
-9.842000982020094,-3.7288172542041274,1
0.6904693956956969,4.049867721625116,0
-0.21352595762239202,5.067923869863827,0
-9.510409675295675,-4.817276841593563,1
-12.766707331870055,-2.608738133839453,1
-3.2539530495070457,4.024540270644758,0
-2.7911568174434986,6.285792101693094,0
-2.5378425261150888,6.638702219002775,0
-6.787834846403653,-5.833027418084991,1
-1.5788862993078996,3.7171171190846093,0
-10.047125336381022,-4.394013966863791,1
-0.1317311937966965,6.252327168775248,0
-3.1016056097907008,2.265966425775721,0
-10.69048676106467,-6.620825735060711,1
1.5471821952107039,3.228188873462808,0
-9.91665706913639,-5.173556254707531,1
-12.693386642184421,-2.024159174684923,1
0.4236091886068829,3.4144735041136336,0
-12.118622716714023,-5.434374867767673,1
-10.90928515866719,-2.8586281300871077,1
0.17817386796132673,2.826170758292689,0
-9.48355238712183,-3.7703812639522325,1
-1.9594689957804388,4.417573344402437,0
-9.984829587975677,-5.541319021773152,1
-10.036586651640341,-6.88463627095138,1
-1.6378872834218399,2.1871198169189934,0
0.003365231035993066,3.3521092644779085,0
-10.261387393290608,-4.790706358188378,1
-10.331041717170109,-2.59083901210933,1
-9.516909117956343,-3.1404262836226216,1
-2.8747699519140832,5.3284837480311955,0
-2.096258162140027,5.3180627415515955,0
-12.307831110665319,-3.322458459835535,1
0.26014035149744386,3.728855956450529,0
-2.8588811419861595,3.9690979755919127,0
0.4100773814608063,5.310166220702577,0
-4.575442543446201,2.645454354028896,0
-12.45747064557131,-2.490340627755465,1
-3.5546313175481905,2.4201160430726842,0
-8.300815197452748,-2.3783433899683866,1
-13.081177439074214,-5.289725800207119,1
-14.012974568174338,-4.309896242866656,1
-10.744357976795715,-5.489799165935029,1
-8.391624115440088,-6.018325901411339,1
-10.290243818611728,-6.914720191320132,1
-1.1100618841384322,2.8396057959814742,0
-1.4394120108681854,5.264197187140646,0
-1.5428282140794607,5.334060261840948,0
-2.3726192186554926,5.122905141569498,0
-8.532507620309897,-2.6740984099940057,1
-1.2093044260147783,3.8781150991028834,0
-4.008167131932378,5.92722356930072,0
-10.70489224320803,-3.0211965832505383,1
-10.923624810863005,-3.7295074743038352,1
-2.8324274299787207,3.75022639460029,0
-1.864118670583268,2.3525692610231745,0
-1.765155526810536,3.495293715944019,0
-2.9045763843000296,2.877210094734587,0
-8.113920788522229,-2.964949215373206,1
-0.9975132405956464,4.256257018917912,0
-7.783091514386058,-7.108587720065945,1
-0.03792041641688115,6.9930774487709915,0
-0.142749310286157,2.191645878062891,0
-1.9997001942028956,2.059728088126367,0
-9.175475654380215,-5.62627396211183,1
-4.0282943340402175,3.1635479005585525,0
-5.816670331727109,-3.3441496517168545,1
-2.697051033536483,3.8113595785591956,0
-2.1720247828965844,3.54845103802352,0
-10.84361541481781,-0.1596567089833698,1
-6.863101128078866,-3.237343557827895,1
-9.958514534357176,-3.159531590966995,1
-2.613329953824083,4.783700035549964,0
-11.204366750651117,-2.17786187220831,1
-4.087036803363483,7.198837522259396,0
-2.608445119532874,4.0917194460527835,0
-2.175340419305133,4.471885154094532,0
-3.280625944616779,5.494700875565465,0
-9.289508629801352,-4.9084510836491395,1
-10.362248101193432,-4.73532319352424,1
-9.528942115185721,-1.891711520261035,1
-10.774083292549504,-3.636196093875777,1
-0.05610247264662549,4.46704701537742,0
-2.2962990918049107,3.3091933962476614,0
-8.88420014301987,-5.650255359800112,1
-8.420461427574804,-4.502533437516417,1
-0.35310520215015595,3.6438041674300603,0
-9.108223138134425,-3.0751094281593265,1
-2.141281876028461,4.456085727437352,0
-0.10132300315939835,7.686959339304548,0
-9.91042185086531,-2.5822390269179376,1
-3.43303709571297,3.4078580915444716,0
0.31285127532851975,4.379103566082091,0
-2.059955349423136,5.470225626652738,0
-1.0250550915736056,4.205117021897683,0
-2.3168603069565226,4.684793300292995,0
-8.520768247688,-6.33395177749254,1
-10.272086170810041,-2.163165255318592,1
-9.037015913776745,-7.068385470547216,1
-1.3108180671804126,5.430316979139889,0
-11.824481579791868,-3.8668104084966632,1
-1.8335376841571138,4.143301415850533,0
-9.892175642351146,-5.732802816432137,1
-6.240206476587977,5.126268425573888,0
-8.98329023769929,-2.5852182601366662,1
-10.238365315767142,-5.995529607585738,1
-0.03293206079919986,4.241344431365169,0
-2.6292964461245107,2.233002546060094,0
-1.9461036630479311,3.22730796348291,0
-0.9828754978466216,3.364108517065303,0
-11.186823427888365,-2.2574407813181088,1
-7.611877408782949,-3.1386779651931436,1
-9.451942098418762,-4.581976202868882,1
-2.217757779762703,5.779918197083012,0
-11.07267854260564,-5.0163310387056965,1
-2.138481194070998,4.123490360485484,0
-7.715561436131353,-2.6464761260292846,1
-3.6193610152145475,4.521060589082549,0
-11.881113310712903,-2.383356469926505,1
-1.939221812874346,3.873627598597719,0
-0.9257311153137808,2.7312414829887866,0
-3.9949722427460665,3.487826676416645,0
-1.0152706959155728,3.4959922715430922,0
-9.746943831279475,-4.031648352144641,1
2.4083649048942135,2.7592669200073336,0
-10.692418096279109,-4.315844224368599,1
-10.347874076899911,-3.821168990670225,1
-0.49343109807522545,4.228333110688528,0
-0.886439203273658,2.734183290294256,0
-9.301229327802284,-4.560501440202054,1
1.511175732730646,4.893320142736772,0
-1.451241594144263,2.6003378443386076,0
-11.643977207623065,-2.591465416993966,1
-1.9636007675097131,4.624967594772893,0
-9.565454860320143,-2.7740748360156577,1
-7.38010984006395,-4.224185513253758,1
-1.7072856649967068,4.575221482464455,0
-2.285806640049766,4.604163319619447,0
-4.876225976041195,3.8521462308370116,0
-10.197161176443315,-1.9703278706152116,1
-3.132801342991523,3.7355276262130954,0
-4.715361744469712,1.492606096628478,0
-9.874937190757098,-3.211205174472197,1
-10.587425741492625,-2.398723031484501,1
0.5842672428781936,5.419670582649479,0
-10.669880212793375,-4.8695410516358235,1
-2.1247350662256097,0.7542332226824531,0
-0.8213554236708525,2.149152943173893,0
-5.419220884962611,1.2352439859679225,0
-9.07713474384366,-4.076727890289887,1
-1.4251641305433946,4.121158331215869,0
-10.87413551332208,-3.7986015665218003,1
-11.52006900066651,-3.2418925993304972,1
-9.627432597024594,-3.4412649767501433,1
-7.6114459880617,-5.101869889051659,1
-10.235774386123893,-2.6165293119433986,1
-2.305580846559443,3.509537055092804,0
-10.451359694936004,-2.1423730016128926,1
-1.4685879525903869,4.300065356491873,0
-9.553902024887506,-2.7018140339801238,1
0.10330758311356147,6.08633837417737,0
-1.197253705193921,6.079723929985374,0
-3.1923888229104835,5.598282228244785,0
-1.2355463375758893,3.1673437210721813,0
-8.38503896589718,-2.1058445305580897,1
-13.820787583961815,-1.750837839930771,1
-8.987232463326212,-1.60150560094724,1
-2.0782064882634548,6.840763497774163,0
-8.417498573974926,-5.829365641955087,1
-8.365546711031014,-6.862994262713228,1
-12.090405818069783,-3.3982663687324566,1
-10.070409007717407,-5.815439937256263,1
-10.242400012972375,-3.0815711308971236,1
-1.2988015777274764,2.907350116805892,0
-12.2921094727151,-3.394207823780772,1
-9.617629583863078,-3.4384099382282205,1
-0.2713080838949411,3.7210080824528555,0
-6.932507533756359,-3.4387363194409697,1
-1.0301670496241802,4.269871766452392,0
-3.2145437072912237,5.224331255320429,0
-1.5415218311874903,2.61643683329877,0
-1.404756022927162,2.660477912101358,0
-9.964034557319442,-5.259904751654413,1
-9.306188558038324,-1.9785889433000805,1
-9.750084877982772,-3.6036795928131733,1
-0.2568382365619073,7.125281591519473,0
-2.192680141686732,4.554903237891906,0
-9.87710180806839,-3.102075449585026,1
-2.118865924891077,5.648451832754031,0
-11.836746415349767,-2.8844927021274396,1
-4.574545014451049,4.935231415397161,0
-2.93674339074476,5.907812004363613,0
-1.5387193500453873,5.782619518446522,0
-1.0811564674320318,5.483925972474676,0
-0.8394645070738804,3.69041737549417,0
-5.0002288537235415,1.8574894617597177,0
1.14889498746447,5.558217062329456,0
-2.2863658326213785,3.0611704892189846,0
-12.076802135974123,-4.309599121067931,1
-11.743155272182237,-4.5555078263222635,1
-9.956229923116664,-2.5565564813650066,1
-8.827938397523477,-1.4516811983748665,1
-8.624648291691889,-2.592632746031278,1
1.0925165340260108,5.253064152084632,0
1.6188032038512228,2.311745365610955,0
-3.5932549651609005,4.571164288011688,0
0.16735144525350143,1.4954684222958217,0
-9.144580309624784,-3.1298144857616528,1
-1.5833482737844762,3.4509963989891315,0
-1.3217757544990432,5.20999575289789,0
-10.972102825891753,-4.836968774288177,1
-9.862142133985497,-3.5403861280439037,1
-11.058539140151996,-2.9325864650825384,1
-10.562596045780316,-3.4368673588432235,1
-2.1082898122397937,4.834727023085897,0
-7.606506434202938,-3.50664998967175,1
-0.39031893457096944,3.117215957595182,0
-11.249460006836815,-5.762148915102115,1
-2.048034186049318,4.6904296651811475,0
-2.3545668577030163,4.851925920479126,0
-11.726274808098477,-6.0695964424906546,1
-8.989669651680144,-2.6088660770598993,1
-12.273575105002411,-3.5744015182484232,1
-9.199280234070823,-4.429732539108393,1
-12.726885766959803,-3.5733776887790154,1
-4.1317892838599235,2.3615750332754564,0
-1.5882579727008685,4.756409459427224,0
-9.662542811838483,-2.384997479357199,1
-8.657191773279346,-4.416957856427518,1
-10.978449288622997,-3.414156948886273,1
-3.205756947586695,3.998581669316336,0
-0.18213239836970319,6.013368510611998,0
-9.133109667351336,-1.3813659074532145,1
-8.045909665973728,-3.959503143686106,1
-8.067022103848426,-6.242990096423549,1
-1.8427909286160444,3.3852125078171853,0
-8.191521214264888,-6.867997665817587,1
-14.593924537810754,-3.780293077433806,1
-0.4670207643112525,3.844832390578331,0
-10.775392218292854,-2.3726735876712612,1
-9.757192319217214,-4.22635543781636,1
-1.1861074850861117,1.373188045107157,0
-11.606210668941856,-6.213961933425429,1
0.07333272717870631,4.925576488270172,0
-8.326783390831892,-5.27012586115648,1
-10.920371519234264,-6.367354598944276,1
-11.767449836384651,-2.468412944019938,1
-3.5148399707606157,5.720248260317111,0
-11.597913833932603,-3.160047266304459,1
-9.864036208563727,-3.7953124594754777,1
-10.66307032503411,-3.7464870136430615,1
-9.913196911934467,-6.193260013855696,1
-1.8894141485991571,0.7577270998724916,0
-10.520842819691438,-4.111776621707596,1
-1.9931809487433825,6.611730384581772,0
-11.00217341153077,-1.0957951656254412,1
1.5923456991267146,5.52843486284991,0
-12.704682831804162,-3.9194468540525076,1
-1.2324377396749326,4.800191037038064,0
-0.34904857194801187,5.806369813722157,0
-2.3437362386715477,2.9366544913504606,0
0.04109425755463647,2.7566529678721152,0
-6.975739192653773,-3.0730214293283953,1
-11.303386823763619,-5.5111498201382405,1
-9.404082814636345,-0.9484409111526277,1
-1.3880017894117134,6.067253045266755,0
-9.986821777674328,-1.3913692759850003,1
-7.957147310920803,-3.3737861867783456,1
-8.004344023853594,-5.65593584980677,1
-10.448635195354214,-5.391897472834277,1
-12.464640717994389,-5.148342171864064,1
-11.256386351040929,-2.033563652338239,1
-9.188831769562409,-5.760064702225552,1
-3.413001923147369,1.5572952194109857,0
-10.877702198313083,-2.6617791837540956,1
-0.6709852117982043,1.9653323579187756,0
-1.8949625064227567,6.051762090627374,0
-9.212653087783895,-4.668745643829734,1
0.5850480610918014,6.912583701409548,0
-8.226004411015113,-1.4916442688019282,1
-9.90519379892961,-5.019571477488562,1
1.085299451122216,2.268755610449592,0
-2.9017812897309305,4.240397247781514,0
-0.8001158170133852,5.093410483307774,0
-3.7346289346777652,5.482632801898747,0
-0.9842332928917513,5.347645492972827,0
-0.1459245119402941,4.574448900087954,0
-10.391414056755513,-4.887154727776743,1
0.24937509099322153,2.9086402466593544,0
-8.30514469029841,-5.788374404752304,1
-2.975482184325802,3.104809034533773,0
-8.588953495817613,-7.028338390123733,1
-2.333578677277109,6.0343668493980775,0
-1.4895375231885835,3.91937647278171,0
-3.1559911687055986,2.6969397367939862,0
0.6343118891536319,5.43621382904063,0
-10.553427785203615,-5.526928596728653,1
-2.623870298327968,5.659077416884884,0
0.6784724758350524,7.961085152440518,0
-12.299762593971279,-5.2302418458789965,1
-3.724884467457327,3.78165127903231,0
-10.102808677647198,-4.96246234281945,1
-2.747544611121593,7.383106742170844,0
-3.565251070526739,4.830983169559664,0
-0.30016778582061354,6.606426979252233,0
-0.45759849326237134,5.000235695547383,0
-2.222487331083691,3.448394257661828,0
-9.716840407958951,-5.948392902221421,1
-10.598473549988883,-4.385165738289629,1
-13.871064700131594,-3.168263120208968,1
-4.915626494564124,3.483252409704529,0
-3.268347858934957,4.841551915376418,0
-11.449388282262465,-2.1515354325871545,1
-9.078724773594853,-5.697280698942239,1
-8.417963266885751,-3.9671261257401564,1
-11.092660311739206,-6.3401731206809036,1
-3.760451575951496,6.7309031486600555,0
-10.11337293895421,-3.6416106463937132,1
-10.411115899106663,-3.4522831937639955,1
-1.634768554990096,4.672271449257102,0
-11.606710161033336,-3.033164083329463,1
-1.0206796411942956,4.480110464555607,0
-2.0418393268143533,4.195123740257924,0
0.7036419569100518,6.216401715896514,0
-11.255387939601857,-5.912097977510982,1
0.7469260087259917,4.006754027484025,0
-3.110078462460834,6.233064252656191,0
-1.4975136799800015,4.45061629729931,0
-0.9252849787358389,4.7646836551275875,0
-3.3655165228596884,3.2018808696129453,0
-0.5862547283634421,6.8528492499637235,0
-8.80368578044235,-2.2977265121708688,1
-9.578610476820602,-3.7811728302622547,1
-11.25821059250518,-2.0467761962711797,1
-12.345105655612038,-2.525075357252585,1
-12.701795579289898,-5.111184264758988,1
-8.321843625601511,-4.26998151100727,1
-3.7993930367293176,7.058429791309701,0
0.04769924797309666,4.84964936583112,0
-1.9289783479255564,5.15907753286091,0
-1.0688783090745415,4.0642788327924775,0
-7.755558729860146,-4.099277315315615,1
-0.372542727811898,2.368294607190267,0
-1.926008199923846,2.140805306211808,0
0.08260006656307084,4.365195789441194,0
-1.1827730872951356,3.7664889427854824,0
-9.536478699677717,-4.088286196145098,1
-2.5603164138849426,3.433536217440796,0
-11.711006955020448,-2.925223875834833,1
-12.335603792878757,-5.22762671198542,1
-3.3272870421118013,2.6266623174256485,0
-9.11669793498424,-2.749558526220051,1
-3.4891765014170684,8.080542842435257,0
-11.265505647249464,-1.9881097002760133,1
0.6452445860831286,4.405927355705628,0
-7.276750611577384,-5.2391706410916115,1
-12.047897055459849,-5.2459224227434955,1
-8.44334834001205,-5.686922478537032,1
-0.6860994969184443,3.5277242477827393,0
-9.323315965782166,-2.2690439286701403,1
-9.051749994864862,-2.2160682682524273,1
-13.255896569350622,-3.6677676914512505,1
-1.608461112117742,4.419028612979386,0
-2.611166971399789,3.6188347779347527,0
-7.386699907599824,-3.133494893372638,1
1.685851315753999,3.5833486251145836,0
-3.7733738206568064,6.102577900636858,0
-2.1493091530657957,2.3924761847770077,0
-9.932731833442027,-5.22235987957092,1
0.892292542066095,4.627893522823372,0
-11.634498338784397,-5.057914249779184,1
-1.6885339159798898,4.810586048050453,0
-0.6884972321714102,6.486728259754727,0
-1.673362222313619,5.406405896952327,0
-8.84704285898587,-6.493371609471361,1
-13.27135060291685,-3.8035563753278843,1
-0.9869889297759884,6.094475116839542,0
0.037884175228620975,6.686215093476459,0
-9.71837688537578,-3.959093461962921,1
-2.3962476126347467,4.608049542902793,0
-0.22452567150042602,4.284134839365612,0
-10.600104171617188,-5.452541975201658,1
-1.9394283962157188,4.3212531475143905,0
-8.714332274887317,-1.0197181495773466,1
-4.341429242748093,4.949260842602514,0
-3.757779133948234,4.529141597051586,0
-8.410519402178492,-3.9849376264889576,1
-2.7036014128927524,7.312187239779627,0
-9.159313400081528,-4.021898432196271,1
-8.978198912785235,-3.8057373830929144,1
-13.059443772658907,-3.2802980122034615,1
-0.7497373053285773,3.3005554272032636,0
-12.66197266686602,-2.5867248958621802,1
-9.16668974283948,-4.762146884904548,1
-1.007062419554258,5.772125273347788,0
-9.284071934348601,-3.3924334881632907,1
-0.019599956422523768,3.287153455723228,0
0.47586173807496124,5.762488629848452,0
-8.398498663808798,-4.987176999835206,1
-1.3841095445613387,4.27684955808045,0
-1.3968083121214165,4.326264329740427,0
-2.277018650731243,6.324281993105744,0
-8.470377765545292,-3.633985367180393,1
-0.760740052759632,2.2011342353111916,0
1.0942444123613733,4.687422910052646,0
-0.7092965997806295,1.868036045567584,0
-2.332044566032393,5.445523236294933,0
-2.5994710728440973,5.56466938500421,0
-9.063240814454423,-2.5256887267779087,1
-9.587104112793096,-4.0672586391971866,1
-7.010439628704253,-2.00390477305228,1
-2.0838552334007865,4.006999542365081,0
-1.4793214772260759,5.332294533404291,0
-2.6299349383308814,5.758720206316228,0
-2.3036388657680393,3.6946050682240497,0
-11.180127195336542,-5.780308616905104,1
-1.626765651008691,3.7034791444263244,0
-9.516569532669704,-1.075419257761543,1
-0.9180474294749514,2.165199220931135,0
-12.520261267306381,-4.958101573829381,1
-2.33921733301542,3.2950448549336233,0
-1.3804481302784892,4.124314618696712,0
-0.9919148404316616,4.553658238176149,0
-11.475105262045004,-3.582167743943127,1
-14.305787879084,-5.337577328115284,1
-10.154063391769354,-1.1561255329937197,1
-0.1835415505381588,3.566967735965326,0
-1.2667466875380091,3.5259463611109556,0
-0.5339976887097742,4.282597010400648,0
-10.141994043511618,-3.865234901446583,1
-1.7147863907240606,4.57504260203149,0
-6.618882912511808,-5.468963470413658,1
-9.949825264613747,-6.343837529496339,1
-0.09950222414679954,5.266388041630721,0
-2.575254771112146,2.8222316642344487,0
-6.781733633628226,-4.690435056703577,1
-1.6334457934985127,2.723461775722829,0
-10.41093412810019,-2.24476860411258,1
-9.145816608793522,-3.317541519223697,1
-2.8728307006567126,5.242649048130212,0
-6.598212522501847,-2.8895407462840694,1
-8.960258481590428,-4.091854457013447,1
-10.448692659797189,-4.473787598339468,1
-1.947313234490942,3.075046422715907,0
-2.7808493088179205,3.5264692092969776,0
-0.8975834010254506,3.9204413753131515,0
-0.41471833980185213,5.6481770112815095,0
-10.548119040908377,-4.7915076547276705,1
-2.795736456053258,3.8625209906920244,0
-10.973228999058623,-3.8415711835680377,1
-11.235069282900659,-3.73526658418768,1
-1.9118581655655935,4.145219352381176,0
2.1329286542610775,4.033537702269971,0
-11.079133681949612,-3.312664339286107,1
-1.0543224432623195,5.296857653698762,0
-7.685568245472368,-4.319325314854144,1
-2.1431857119687807,3.830408336840538,0
-10.879559657405196,-3.6448149862864865,1
-13.621544116582356,-4.090000030355142,1
-0.6680294745504802,7.094727182306512,0
-11.024822062163517,-3.8898733785016373,1
-1.0627392686257429,2.912473535210562,0
-1.8438952442264918,3.002835717454558,0
-9.151454650513799,-5.105212151185228,1
-2.7183206670519455,6.195518970475202,0
-9.125855096071739,-5.739325397704519,1
-10.842068594089811,-5.272967853765593,1
-9.908129240498686,-4.031684529598673,1
-11.167619689641464,-5.088604408147491,1
-9.129081680028047,-2.686570887997881,1
-1.3324421592692657,3.929766519370989,0
-10.993498593304764,-5.837387275012036,1
-10.950427283726947,-4.162315210040442,1
-10.72412878451249,1.657024808193679,1
-7.27254562445227,-1.1164175349697967,1
-9.40091347875136,-4.408666455321445,1
-0.5822353321057394,3.2872293028571407,0
-7.620719444271949,-2.25012259416917,1
-10.415734525142303,-4.886366778872096,1
0.3006859727026525,4.881562356151172,0
-9.726804748728414,-5.955553487372503,1
3.322058228307027,3.5061518732771892,0
-12.668894382350082,-1.5081203447940386,1
-3.682604576144383,6.3602931735724315,0
-4.774762938833851,5.827741619861675,0
-12.702369101949419,-4.9148701043651775,1
-2.9486168813253335,5.951493601693228,0
-10.306229089290309,-3.9297246788833715,1
-12.572754360393152,-4.938973587496753,1
0.025558337084383265,4.864390429209178,0
-1.4554032101203087,6.015886515838352,0
-3.1035537525185113,2.5285537202321713,0
-12.099623375895003,-4.689314574246239,1
-2.5913709141351315,3.932130877394831,0
-11.18997707366381,-4.1422031237897805,1
-12.310382061839865,-5.4911400630093405,1
-10.230287235605596,-0.7844153684037001,1
-2.0408297073595723,6.50625578256464,0
-11.1575432659374,-2.8275648293373337,1
-0.9804894725939748,6.736837701186322,0
-11.187008105702562,-2.5074431617998263,1
-2.228836179249339,2.884284332555155,0
-9.606679782287781,-3.202869268133199,1
-1.1008746286813558,4.183755164254071,0
-1.6930989639827925,2.305784903156561,0
-12.073230406004978,-5.2537813750114255,1
-3.643224362961894,5.310784372274178,0
-2.6903189561279186,3.138681406595082,0
0.06185010596163787,3.63438748574068,0
-2.3587921911874115,6.483976884316119,0
0.5802742950325612,3.013523455774133,0
-12.407816322946761,-3.267391396711961,1
-9.284946414499359,-3.5726863360967007,1
-3.3280313412581317,5.503207923181007,0
0.13881691390374096,4.684224495069078,0
-1.434535487856814,5.10179135144066,0
-10.124196302697085,-5.419449612397402,1
0.7946127772914093,5.047077674604431,0
-1.3427094142084601,7.477972124558499,0
-3.848032844428986,5.835311596490404,0
-10.445070477747292,-3.362238369752757,1
-9.075881961724475,-7.833713496436557,1
-10.282177992036182,-2.660842962199347,1
-2.111024136881527,5.617673744351067,0
-7.987304638159143,-6.408059563781096,1
-8.317169804290401,-2.6626668756953134,1
-7.588722221304884,-4.310278671909997,1
-1.4493950839913903,2.2777667031264315,0
-12.146020140739637,-4.103511802410271,1
-3.1952588804378177,5.2581369783266405,0
-7.752219632161191,-3.699942045578797,1
-1.7486117597712683,6.579973975080515,0
0.4199114904209589,5.228684245875451,0
-10.955613514121884,-1.6276255838321605,1
-0.49032210687020217,2.777038508026824,0
-2.2970346985962062,6.5840082313200625,0
-10.84787597835708,-4.973264248527885,1
-1.4117440261546386,5.870934315965062,0
-8.866167898916943,-4.8214794473575395,1
-8.869307715116978,-2.9693257752354025,1
-7.4990573622394985,-0.94678364169082,1
-1.3144178029019444,5.549506639311199,0
-8.38143253035221,-3.9954166757466867,1
-10.745354355281322,-4.410463956080396,1
-11.151787940296842,-4.3348146209453935,1
-10.351090981573204,-5.290235005730995,1
-0.14436913994643286,5.786516768714806,0
-2.219090194421104,2.408031928568519,0
-11.731841403461349,-4.005175274795085,1
-1.0967067292946555,4.373569723096253,0
-3.37333720298173,3.8824757852238454,0
-2.8112655249853598,3.8596827942832053,0
-8.751219594726708,-3.216657616279762,1
-0.7268546494901609,3.5067830722368907,0
-1.5840842767278165,5.38197469022168,0
-9.485124671667899,-6.3254005551495585,1
-3.8208739423862794,6.254869475085815,0
-1.2233779862454612,3.7494081076117265,0
-0.7738191066480614,6.022554720282734,0
0.4004387767406472,3.61536068339266,0
-11.149950218214297,-5.543759275601163,1
-3.3140142293350774,5.545730258335803,0
-11.89123282919877,-5.394729099169256,1
-9.905411545858662,-1.5628202080806757,1
-2.3296087111641994,4.713055961224906,0
1.917047801753296,4.29474374578338,0
-11.488684185034614,-5.947910280033326,1
-11.550269759059233,-6.111466456998919,1
-11.731399980302035,-2.2848255684832424,1
-10.51414622757355,-4.0445747591664745,1
-2.0733289997902347,6.249923247319208,0
-9.006040808444087,-6.34916991374984,1
-1.677161227513356,3.340738856842729,0
-9.192377258989353,-3.4944373711143726,1
-3.3019276745600825,4.660563518431164,0
-12.328386418648828,-4.977620314040814,1
-10.277091169069916,-6.583458916928834,1
-2.1983960495146277,5.164562722972538,0
-10.461765671251069,-5.803858276085405,1
-8.520971477895495,-2.744465326208557,1
-1.9930521198640585,4.105352765448165,0
-12.517894024299878,-1.554772403745408,1
0.6840693882909252,3.1002875399310703,0
0.33619926684376544,4.391355216308369,0
-0.7412111212564401,5.52381667350414,0
1.0562424652396647,2.4478994850065554,0
-7.313934365471226,-4.235371415493219,1
-1.874353523459376,5.955965537267788,0
-10.301279166359574,-4.542183286563612,1
-7.351338135095247,-3.9420079548072327,1
-2.0373382018236446,2.4167553971779796,0
-0.4624642130001049,4.253591809947761,0
-0.4895192029405755,3.4623274627624916,0
-0.7796321280472529,6.169257900179194,0
-2.845759836611271,6.242073186783325,0
-1.6636809995404798,6.409201860421108,0
-3.851665313031679,3.6319680058741284,0
0.280764525046443,3.7479933733437454,0
-3.7010295668053534,3.8859749451757835,0
-13.265050149641379,-4.4332324280552315,1
-2.2368082791977053,6.593652226757442,0
-10.637173859123145,-1.6826149367466159,1
-11.222554701418426,-7.245687517917618,1
-1.4925540063740645,4.377206031362752,0
-11.310571584370475,-3.4721203896493975,1
-1.3984782067059267,4.673408205785577,0
-12.189391736324831,-4.536808920028234,1
-12.478217337753787,-5.4990175185484835,1
-3.453352171435242,8.16546029682117,0
-9.925892343326808,-3.184646815639555,1
-10.931697371336572,-4.179337968570772,1
-8.518418611243158,-1.80421390742999,1
-1.0320170309981216,5.500654479514641,0
-9.655972131362182,-2.5675703553549574,1
-9.788229151301366,-5.25286642502045,1
-1.0679178609303506,5.4947737062235,0
-10.2195429570513,-2.825467225282371,1
-1.6071445219029095,6.587366241256388,0
-2.3491364275056217,6.964715145476325,0
1.3999484926114176,6.80164771587564,0
-0.8653619194194557,4.61304168383924,0
-10.17877820381712,-3.948986116626072,1
-1.1141930769628534,3.1071858477917482,0
-8.868570305692828,-4.276825446676839,1
-10.585965966624425,-1.8810994239860106,1
-11.714246113650416,-3.22636647085219,1
-7.766281051133635,-2.69375133419396,1
-8.10901220925346,-5.081314698679616,1
2.18861926512665,3.710317510370853,0
-8.860323355429301,-3.347762431746781,1
-10.189342037009386,-5.050535786342513,1
-0.9047826857955305,6.3463286926415545,0
-9.50749291068681,-4.46113713507558,1
-0.6918309262556523,6.329702613977142,0
-10.11732286896279,-6.2344678723125595,1
-1.4470990994498119,0.6320340773945379,0
-4.507777994927462,2.7308238301844927,0
0.4315616578021255,3.5233204580903807,0
-5.295141493521241,-3.292878883687366,1
-11.285385825317352,-5.5106040118131645,1
-10.728425873748888,-3.848905742994889,1
-1.2230530923929328,6.018839491660817,0
0.5317786647460974,5.295199070979191,0
-11.496376772974996,-2.384325866088666,1
-1.7283599350531706,4.078389680391598,0
-1.4768279994613642,6.100715730711041,0
-9.267346973442427,-5.099857986767601,1
-9.075458845054786,-3.958137403606374,1
-5.585495047530422,1.6843992374922672,0
-3.9486126879224237,3.2633626609754636,0
-9.550544080098705,-4.152303402920413,1
-2.4352015928288613,2.910949627367767,0
-9.386438493739798,-4.059864843239317,1
-5.1401977085245365,-5.534911101229285,1
-10.937664960869151,-2.4620519311053664,1
-11.366927648779242,-2.250636468683396,1
-3.7438852636542936,5.6579146767207975,0
-3.264585262142185,5.327417214962894,0
-12.66219751330389,-5.156269172165697,1
-1.2094830175245126,3.5612805029829313,0
0.7988824987824206,2.4182529703006823,0
-9.127446036584205,-5.248638442140274,1
-10.667652479330753,-4.2577113042387325,1
-9.273815576366864,-5.611497077204798,1
-3.4002246967526752,6.6911349397351385,0
-0.8662402875707584,1.0508601021744557,0
-11.317780711657669,-4.933842208756493,1
-1.466994420714603,7.047112644206145,0
-1.0776782335980428,6.610721430552756,0
-11.186111963270637,-5.584752725394111,1
-12.31641377437845,-4.0489451294349745,1
-2.9985299162178456,4.1646923895313055,0
-1.1941514742728687,1.2651181445089432,0
-9.093243977307544,-5.97711135780887,1
-0.398267568736864,4.252159042482855,0
-1.0095193777917855,4.06155583487433,0
-10.107742639919508,-4.987169675132411,1
-0.9843266367977511,7.054492519621769,0
-1.1275691763546396,3.212391994600168,0
-0.6394551461313627,3.926787470495155,0
-0.9362962832983297,1.587559381667909,0
-11.338917955898191,-2.550561234674002,1
-10.337725542271226,-5.0486677813665235,1
-0.6428485492688023,2.7466302677553336,0
-10.871452852152863,-3.8560866758985135,1
-10.689981959440054,-4.613891444283133,1
-12.170435051915813,-3.2682209478907662,1
-12.415494465014786,-2.869498876636664,1
-10.13322905507011,-4.686504833360763,1
-0.3506914213509318,4.871643763040712,0
-1.0191734127099932,3.8686066723452046,0
-0.3156776841920892,2.746321564020981,0
-0.3732385755629277,4.613317170707902,0
-10.058503608348865,-4.767154597721964,1
0.9576577403762006,3.2646795175005074,0
1.50356273904942,6.826832195481591,0
-10.68010426758636,-0.9735397507724843,1
-4.115734295461032,10.344393924900107,0
-3.9651032063578624,5.162349197627716,0
-2.263261342802944,2.19114139706494,0
-9.439546686511529,-1.5643460475686775,1
-7.932156318669534,-5.849665008347688,1
-2.251594427441856,2.648769800011478,0
-5.70710251844759,2.5864826801001044,0
-2.032018655728905,6.510242158271622,0
-1.0779579118340945,3.8742917258271503,0
-0.25911546363519067,1.7608277952162261,0
-3.0570822491879746,2.8049363545016295,0
1.2201285236936124,2.318949054762111,0
-8.621091835842094,-4.918799797716242,1
-0.14761018954765204,4.994992235529622,0
-12.242952620238812,-2.751558367929337,1
-5.655748814841728,3.766846942392878,0
-8.19462347714322,-5.8611589149851415,1
-11.97998257118035,-3.053495484700547,1
-9.887588014814382,-3.3293093021495954,1
-8.736420915104254,-3.278309758792307,1
-8.323263789596124,-2.9404879426797192,1
-10.239968675476554,-6.729097246534729,1
-4.931101856571444,5.309887560150968,0
-2.478221157922371,4.108233074509816,0
-1.8642270217925692,4.227908587180947,0
-9.817337283894087,-2.72331868907306,1
-9.10079404264095,-4.830351129143151,1
-2.503018052477154,7.338806981356713,0
-7.298894787239359,-4.30646498441828,1
0.9600927278934392,3.2438844382330094,0
-8.998346804723957,-5.135843950146937,1
-9.95388881675334,-5.461882528261081,1
-11.559502844906584,-5.4509825296267085,1
0.8133312096281071,5.055675168294969,0
-1.238562290264561,4.2968208132222445,0
-0.9678137559829934,2.6425158616811886,0
-1.0055806115039048,3.3752587792529,0
-10.452739175818703,-6.104669122846866,1
-10.030731709957191,-3.4458988251308176,1
-0.9237183402340612,2.313565331245171,0
-2.0930559204632435,3.818765509131089,0
-12.105598993668101,-2.840263677789164,1
-6.902934345476591,-2.0413458315971416,1
-12.741541954277945,-3.60169346441139,1
-7.617088720744755,-2.9537769631744886,1
1.2261632330078678,3.497517888035265,0
-2.5895611718707134,5.45353791995149,0
-9.023095467714928,-4.4755822708023745,1
-10.633235159315054,-1.0707412954879447,1
1.0587057314440056,3.630255135150199,0
-3.12621940824797,4.664425567094548,0
-2.9791546083668567,7.63634007273759,0
-9.2722154036057,-5.937492177011881,1
-11.11793836463702,-3.9030417463908695,1
-1.3869483612042242,4.635051179821518,0
-1.043250498949913,4.693535741551542,0
-7.961362786708655,-4.088602522997354,1
-9.108027154089086,-5.507631396951056,1
-1.0021978164222203,3.774844541244441,0
-1.085019601312711,5.818478245667469,0
-3.4312146651062543,3.7165947121912897,0
-9.2461880795759,-3.614697742674377,1
-0.09206829143767337,5.3192619165704365,0
-1.5089723223491982,4.888478619037043,0
-9.201330684473232,-1.8123544669579488,1
-12.30401476547632,-2.7881196208670156,1
-1.3767299330282756,4.476736905839323,0
1.5811236843403957,7.4049778896888245,0
-1.194834768037287,5.983471020616289,0
-11.198498264078054,-7.33071920617105,1
-0.7560809855050761,5.036913174313751,0
-8.354181225901241,-4.274392847095876,1
-9.01181903519753,-4.104439960328156,1
-11.436710020052079,-3.5573987004186014,1
-3.310488671767901,6.123575433602583,0
-9.192565235797149,-2.0385238840920588,1
-1.8734453436929879,4.805385085395539,0
0.873015768543989,4.762476414787952,0
-10.843145590929668,-4.259925768911664,1
-4.365475343922373,4.811038139057818,0
-0.35623067043971757,5.532107328640674,0
-0.4380452122251315,5.577194763480723,0
-10.339052945066843,-2.784959804609548,1
0.1371863566333571,6.963381125901772,0
-10.789655387807654,-7.0602450713942435,1
0.4413669227585153,2.1562245436009735,0
-11.323870822355794,-5.906190793099114,1
-9.523308581567512,-4.881010380983977,1
-10.049028703792015,-4.375597528189231,1
-8.21222765349208,-3.2964713490920157,1
-1.4461828471590428,5.176748088825983,0
-1.7044637212013942,3.3430847983822978,0
-2.921913912913253,-0.3235463064434114,0
0.5782861353943667,4.451507158100675,0
-8.745743645883971,-7.207116202820303,1
-10.102476475385567,-3.5183046599105454,1
-2.871143455991115,6.256627232792056,0
-0.006204807070506302,2.562128488523518,0
-8.31325036934617,-3.467178953799108,1
-9.306469027038483,-3.5078086486089277,1
-9.91131431233209,-3.945527634345759,1
-9.149950440007943,-2.4563826907273985,1
-8.994867409634882,-4.38471198711968,1
-11.479143572709194,-2.9642203372596834,1
-3.0075846959264885,4.885975281760052,0
-1.6639180813618317,4.315544415424298,0
-8.809051350807529,-5.8540094981165085,1
-1.9394145638095428,4.253871060049444,0
-2.8263481458896385,6.080251530729415,0
-1.9580571816541061,7.206196931571349,0
-5.731804649044154,-0.3158823355630451,1
-0.5264718621622366,5.4579630511280275,0
-0.6596750274056367,2.1028615556553243,0
-10.046219372013217,-3.3071820982204945,1
-1.0698960386675442,1.6706100899053706,0
-1.02431837485235,4.522499971366001,0
-1.9589009829428443,3.4245851160556944,0
-0.40108478513676227,5.803142990798498,0
-10.858803045117096,-3.490752654257175,1
-0.9015147436796882,5.178787125626927,0
-3.0441768415750134,4.211197056540648,0
-10.67649971731054,-4.56978381860877,1
-10.393920917985655,-5.094341795615044,1
-2.532848563138019,4.896709337521744,0
-10.841956070306477,-5.830597652673298,1
-2.423018322682812,4.156760936514223,0
-2.9307387127230875,5.583846839924221,0
-1.717283599375689,3.6823995752948386,0
-8.521184918920072,-2.35496261652085,1
-9.60689729318407,-6.031657219500155,1
-4.587717836816369,2.302996150663456,0
-1.6524081582840509,5.237868678706303,0
-1.584676173846735,4.7357061095063155,0
-9.148752695504212,-4.9855875082021415,1
-10.430343427806902,-4.447388495848411,1
0.6786484049812693,4.570593913481304,0
-13.042630107431034,-3.041428668229502,1
-0.2642625976379396,5.015158348785986,0
-0.9210550720435463,3.385472657329833,0
-1.159888080241271,1.3576801856107803,0
-4.8732599995645725,3.1612365728090994,0
1.1127901460033325,5.789655421054004,0
-1.2460637932234118,1.7616151673563145,0
-9.130675088050342,-4.3803012764968,1
-9.52593264900569,-1.5370263312891828,1
-0.8901651753215063,3.959350616189088,0
-10.300993964375452,-2.9092249931406657,1
1.6925227004903087,4.476759176130614,0
-11.796806203415075,-5.151121522767244,1
-2.9048177489211904,3.0856234690769053,0
-10.921776193138477,-4.192025596886899,1
-10.37814148490151,-4.639842548886343,1
-10.451120256922124,-4.037860188944751,1
-9.519775460673097,-4.363414254956633,1
-10.59593954767666,-5.003262885216402,1
-13.533009865309346,-5.3030297869995096,1
-3.4953793818113867,5.243886196694618,0
-9.144666360356078,-2.2331024535298827,1
-3.218333389000874,5.506024716421779,0
-2.327052410022394,2.582083334969953,0
-2.7101576633304014,4.101398195396324,0
-2.3759311879336007,4.445489860121649,0
-0.9503704004214095,5.987800422296813,0
-1.6338128163873866,3.762776451490521,0
-11.290314662050895,-3.2436450438505484,1
-9.613593347475154,-4.2634905484507595,1
-2.5437044128251807,5.066841625413497,0
0.7658644923374309,5.160601191843018,0
-0.7463844175863563,1.584373568094072,0
-0.6195105674579429,3.2693888760088132,0
-4.180571615105487,1.6888592967644538,0
-1.7736363551810643,3.9161907507698435,0
-8.84070956528279,-2.477890584039626,1
-3.060431889388272,3.606959379717763,0
-10.873076721978226,-6.270079244092237,1
-1.5034798213848855,5.198495001950916,0
-11.315281112988364,-4.191136198694818,1
-2.666429102203748,4.38749297046481,0
-0.4606985992452395,6.403788654211554,0
-12.987417322251513,-4.039871184219711,1
-10.500293590107953,-3.3823402809060297,1
-10.198253312012119,-2.776164760772727,1
0.8132667290448916,6.59464968499257,0
-8.949740537276485,-7.428274512990538,1
-2.3470129629556515,2.077431056685535,0
-1.1912018724290196,4.116507408132156,0
-10.312419069133874,-3.1791732206632353,1
-10.424191316257179,-3.165233192302047,1
-10.002350860589436,-5.600157611210184,1
-2.2290933391238896,3.849942592000951,0
-8.205952884615659,-2.9083862602645363,1
-0.6812904522259771,4.059262623286918,0
-5.075506900939068,4.302053059660468,0
-13.114502572155079,-0.4319246794281133,1
-3.0876860134217496,2.7018402168666182,0
-8.773824241680952,-0.9194848860524614,1
-10.462854669936295,-1.6911811899028248,1
-0.06906864221330844,1.8397383794064224,0
-0.30717382505932633,5.160231377195964,0
-1.1537284984858318,5.9185880184568065,0
-0.6577405639020169,4.3610446996849435,0
-3.269006324015987,5.149227785643636,0
-3.2154936599809965,3.01967805147909,0
-9.67091177994139,-5.124124099923896,1
-7.603407284689579,-4.4708097279696055,1
-2.5196009998342115,4.230618353148823,0
-11.114421711237481,-1.5780276098532924,1
0.916073193635965,3.2000743797583406,0
-4.089028446679503,7.4142006571630485,0
1.5659708054408226,5.81928913170635,0
-4.13564180468467,3.070656492598589,0
-2.238542046241637,1.7899313070123233,0
-0.176692779335621,4.042250236631887,0
-11.2016900823967,-2.028949865107289,1
-12.346374771023864,-4.265168304067066,1
-2.2608771936319094,5.642498296518773,0
-0.5445250906777261,2.1421308425070964,0
-2.3782955541276394,4.93174060708558,0
-7.176616371716934,-0.501422904544929,1
-1.9837926300478166,5.6570080881369496,0
-2.0621168621293844,4.208976429412634,0
-13.003625155390747,-4.14802111274591,1
-12.467664676021013,-2.547783392024325,1
-9.427929578536341,-5.884670963443684,1
-11.493865831854807,-2.0982466297654057,1
-1.2274426554407938,6.653652144208713,0
-11.354145461768386,-1.510990485336504,1
-11.179935131793979,-4.551566361974586,1
-0.011527154377839688,6.136308800905245,0
-8.437483394770736,-4.090994837400297,1
-1.9309403590657452,3.5006089271532757,0
-12.09270279434665,-3.136259801669269,1
-10.531460959306289,0.38823074007715963,1
-2.451817534343703,2.7970369356089058,0
-9.26700246848055,-2.620313337685409,1
-9.585253649492346,-2.8606516375079662,1
0.10604542438184628,6.8665759203167696,0
-11.703083236757307,-0.8206258405395719,1
-10.06552220821858,-3.4390790814702807,1
-1.4187124183347521,4.226264905400038,0
0.6232387440527258,4.7101609042141295,0
-11.715467669564608,-2.616666761346327,1
-11.244880124178882,-5.931985392375909,1
-8.605982724243729,-1.0069293614796413,1
-2.2282393221497774,7.103368918425329,0
-9.580592823170397,-4.0020843610079,1
-9.948575047780945,-5.234170158517341,1
-9.366579703873487,-1.5281572060780566,1
-13.245103857762405,-1.0856042793013798,1
-9.902694654875905,-5.134668364707043,1
-2.7780259804538705,4.478565928842857,0
-8.542166946949267,-4.535224078152256,1
0.32002896200936837,5.777416091161836,0
-10.551367462573095,-3.83883759088336,1
-5.884479686129699,-4.718675491286005,1
-9.244684044479033,-5.344804582227998,1
-10.65966496917705,-4.063070385308708,1
-10.072276638386569,-3.8336642841331416,1
-1.6395308914277547,3.364449475912322,0
-1.5684346122492594,4.7231770013547365,0
2.886725762609526,5.643366806393347,0
-8.331950684089838,-2.826317044577826,1
-8.627824224762058,-2.5395788328422957,1
-10.724165678652872,-2.5882365889597523,1
-13.063036192375815,-1.0389177070255324,1
-5.90351930048546,-4.124584149367585,1
-9.965462977515493,-8.018939158064455,1
-0.16600399383276265,3.4637960397109753,0
-8.747685770691238,-3.8199653575278303,1
-0.34526011197298256,4.591373064202351,0
-3.6574874057243916,1.7654570282449864,0
-12.105553819767506,-3.3985578367826648,1
-10.980934954612657,-2.6281852792827642,1
-0.7931414022909505,4.826833602416662,0
-3.305291446331563,5.664441989685727,0
-0.4703496070694979,3.471193774323474,0
-11.101898187684993,-4.489959787629905,1
-3.7968512584300695,3.0513257793039177,0
-10.79230838913618,-3.0039723217565655,1
-0.4506899449406343,4.077161618201913,0
-6.684720058681438,-4.439846270788456,1
-1.345914891085238,6.739013860342794,0
-10.497203597073069,-5.806223541258731,1
-11.060953749131121,-3.971810091376419,1
-11.312088766809243,-3.15824401977782,1
-12.44794294163899,-3.678308902659745,1
-3.155089599243043,4.246298888674324,0
-11.316607841308105,-4.9116201523038825,1
0.2510739892896454,7.357142492725264,0
-2.195341194353044,3.6244252907311045,0
-10.992879964687107,-4.896547687068297,1
0.06933879656738595,4.070136210657914,0
1.6642050978233582,5.646204704445814,0
-7.726951380858884,-5.986255743809656,1
-0.7011659268188066,3.7080002701924117,0
-11.559156774638783,-7.001599532972715,1
-9.651751749658953,-5.235219914664225,1
-9.757859888733993,-4.287267161534963,1
-3.087653057007908,3.6292715402450293,0
-1.379717819466093,5.021567339655546,0
-12.246456796320642,-3.304070206295765,1
-3.9870463647362464,6.541255648331813,0
-1.165324955806304,3.9676214658032993,0
-10.085991621006487,-5.114072549801451,1
-8.451581007059128,-4.475253550004414,1
-13.074026691946745,-3.6354856823412773,1
-9.64555558207674,-1.7381281344239286,1
0.5252311737606461,4.881445722399098,0
-1.8192500882818294,0.2199952588023919,0
-2.297166369581899,6.894088878555051,0
-9.649362281785468,-3.621325672928023,1
-10.866497655585215,-5.664080548781183,1
-1.3757617782108718,6.242393882218508,0
-11.308964084960264,-4.749746493816524,1
-1.4355049687761885,5.279620950068175,0
-8.167378786238077,-4.2302482962502115,1
-9.520687212228909,-2.078180208035133,1
-4.623155118759275,3.523093104777545,0
-9.32953293295282,-3.6868673022093343,1
-10.677967182023618,-5.184706604518379,1
-12.17084091416046,-4.015413860179744,1
-0.926782686142274,4.293132299311578,0
-1.2098221032855836,1.6215277355070619,0
-11.709674986438092,-4.4267533614657975,1
-2.9568048181469004,5.319613492355715,0
-2.051362785133287,5.701384967249284,0
-10.79696044533393,-4.410929538285273,1
-8.88903935120069,-4.115337498958988,1
-10.287380897103924,-5.757683565320196,1
-1.9249647417865774,1.0125668793247558,0
-11.051523315739956,-4.955256322067376,1
-8.985920174643999,-4.839316615515962,1
-11.954173773893954,-4.850884734358247,1
-2.747955584650161,3.104836852407776,0
-4.641304203040452,5.698422641930337,0
0.77563324899111,6.141155278433631,0
-0.1436993390022101,4.717334787860412,0
-8.924682017844555,-2.8918560447370063,1
-0.38050381336059,4.459530014425297,0
-1.1337409379523584,2.438064751987014,0
-10.392334383059323,-5.603868141581744,1
-0.22781640612698828,4.5501100255083635,0
-2.5944798965157947,3.6259483281381195,0
0.225546300373479,5.515130623207097,0
-0.9522585038175923,6.387116737940891,0
0.4517500944133235,4.60014223840925,0
-3.6812073178290152,6.612599653880215,0
-8.603148696623219,-5.986134188036699,1
-8.716636242761265,-2.961014882901411,1
-8.251249532967641,-4.662268236740982,1
-9.097664145228185,-5.468556515156053,1
-9.896623123924762,-3.225582216869385,1
0.2772234483277942,4.231823646435665,0
-8.33220568872629,-2.041210976487437,1
-2.852999825132207,3.341411045353583,0
-7.58240646916801,-3.0196061511813843,1
0.5175839849378834,3.479434597320793,0
-8.472218975144248,-3.7836826745521615,1
-12.778802896996352,-3.1002482260371416,1
-9.885252368098051,-1.7453461255114124,1
0.03206711147682473,4.481929727383735,0
-0.9136562579795537,4.762488917852556,0
-2.2938453480346825,4.536186478629593,0
-9.50604267538876,-4.535715389511845,1
-12.1485560957776,-5.662134018476646,1
-0.4817195264964873,3.409188218392342,0
-3.3477390253238175,3.892633455374593,0
-10.578288503786773,-7.062620685015011,1
-11.863922220097736,-5.361253882570315,1
-4.446532702618647,6.260735914522392,0
-8.42536666461097,-1.8649325369749885,1
-10.156755814395733,-2.9016491565968865,1
-12.81651255647245,-3.0901602789959357,1
-0.32600087089536567,7.143718048728142,0
-8.536368056213538,-4.2380334983263035,1
-11.328493828036175,-3.8373576768365134,1
-9.466648747166538,-3.532133104365068,1
-10.163680860901517,-7.81073575521489,1
-0.5235677195029251,4.297151501025348,0
-1.516422275161633,5.788664971832429,0
-1.6052637118078665,7.451486100003853,0
0.08844325576029144,4.701457811293518,0
0.07895605234591474,2.672789461611859,0
-10.204824488172234,-3.5782845142401536,1
-4.7318605940596825,5.132315342855146,0
-2.5052430078219734,4.541019479827047,0
-8.160291982161173,-2.290241658864313,1
-2.3229038252182788,4.89178089924531,0
-1.8229076062055836,5.812822133144781,0
-3.4612933888286945,3.957847418701445,0
-7.787351605389572,-4.406926650760935,1
-0.7187943528612313,4.650702244303349,0
-9.190315274655456,-3.391548061746503,1
-13.11120839785887,-5.8123706026732735,1
-1.8116310777495928,3.9081738497275325,0
-0.22857156062099748,3.2617759672191466,0
-11.664771902114833,-0.5008967931919246,1
-7.30046867998296,-3.6721286811610985,1
-3.2950674046307418,6.956772088811451,0
-1.9976900294856368,3.9608587370073307,0
-0.7499539894927642,7.8470662873789285,0
-0.5086194662173942,2.185507939922761,0
-1.1810012618628716,4.032434305627047,0
-8.115439373385158,-3.985004276457917,1
0.7863847822600349,4.66571399499865,0
-12.112669210611045,-3.907560615526523,1
-10.611859396525562,-5.929721604675313,1
-0.8879425650990362,4.380613570953586,0
-3.0297250204306794,3.470632139840168,0
-9.623205981342808,-4.9480822943069676,1
-3.6308614547387528,4.043787070858852,0
-0.9826338818882632,1.8803998900408057,0
-0.8724341675032838,3.6908035591391632,0
-1.7863219470554643,3.960447044682906,0
-10.749785531635057,-6.583468750056926,1
-0.9074155211085244,3.688568758051385,0
-2.330252753127517,6.24325142605141,0
-2.2818302578808725,5.084408924824996,0
-7.53613870556891,-6.051736027342814,1
-2.882880932755639,3.3115999504117024,0
-4.170853617376918,5.64403460550164,0
-12.06434514887594,-3.7830160403909865,1
0.45155598603831226,4.277469599203456,0
0.6465098056479768,6.770165037636407,0
1.4221522370294428,3.5191404934430723,0
0.0758724209485182,5.217289610710079,0
-10.262612690356043,-4.721449920994146,1
-0.9019792775103732,4.005983599830289,0
-0.8847312068849629,4.020397374082917,0
-1.6753491690800417,3.824128508359352,0
-9.878129561027686,-5.448458204321371,1
-1.2266348324333116,4.493950942959287,0
-8.387458243959323,-4.95692276456467,1
-9.704093625070895,-4.19105717235322,1
-1.240826725496524,6.867320341676065,0
0.42240080837492844,4.745789504107897,0
-0.6865944398125188,4.567504809578546,0
-4.238651617877804,4.4921713629663,0
-0.6717545986088264,5.904842342333083,0
-10.9398160226413,-4.34139170150974,1
-9.166026195341434,-3.1542101915989527,1
0.41025994565790036,4.1712259530710085,0
-2.9515344471125826,5.41855715737512,0
-1.1776610342227722,3.318667480225112,0
-7.009405400136913,-3.742017592696447,1
-10.528875828992636,-3.7244763121809616,1
-9.223882425219227,-5.0942556827330385,1
-4.789145754133309,4.9491923296997316,0
-1.0023103850116633,6.0899823513288,0
-0.8455919640990455,1.469236240444645,0
-10.110135284067827,-0.7815433470234616,1
-1.9383981723818877,5.2306226093134285,0
-7.118959365462803,-3.2365067133057024,1
-2.6121910346693147,3.0649339031298233,0
-0.8062037701944456,7.299690326874337,0
-0.4977581206550501,2.550742817446093,0
-2.8932606893048973,5.489056807012201,0
-1.181102167367829,4.803791307521817,0
-1.5170657408447776,4.5276163517776915,0
-0.40025857176919777,3.4230648381236426,0
-0.04097432352242514,3.376242430175578,0
-11.448959522619427,-5.251941294070841,1
-1.9453823524406975,4.7564985582333446,0
-9.011583383056074,-4.8266744438334355,1
-2.156484660847462,4.986298586542798,0
-9.245800230091843,-5.132952703406248,1
-10.90874021263962,-3.3261418601180748,1
-11.393715481921275,-4.228530261356353,1
-13.130233066179665,-2.2157758548655404,1
-2.840530218900988,4.776873965551297,0
-2.128464426446127,4.558294498590641,0
-2.2217669369024984,3.281535442929662,0
-0.8869494854894711,0.2326881673637775,0
-11.882129821854505,-2.0983903973817837,1
-9.287775143431332,-4.965972543114699,1
-8.511233247102478,-2.053048700765932,1
-10.98670218014816,-4.7866842205493185,1
-9.445828470677341,-3.0657472693419168,1
-0.6634405846574599,2.4395032958289216,0
-10.802770630964009,-4.903410548669687,1
0.7321370417848123,3.0633275829182827,0
-7.87999659408492,-2.447353942379193,1
-7.90818887329501,-5.118562635259747,1
-1.2488192699486662,4.1513645248143884,0
-3.855640266319407,4.1747530781273685,0
-10.134159607441754,-6.807423750379654,1
-2.4870802716650364,3.9315424049649716,0
-0.9382907360507664,4.570467414701314,0
-1.4611882375688425,3.5616349626669765,0
-0.26267638779634095,5.831203091660155,0
-2.3326669549559536,3.397817810663267,0
-0.14820942785133062,4.345912057017737,0
-1.9167216871648196,4.686895437501154,0
-12.336355247363786,-4.958653001018112,1
-8.618541727025777,-4.417867767992778,1
-3.8257306140929037,3.6497910744234847,0
-9.066636241569022,-7.097148603034554,1
-10.792803935200109,-3.5065616553531758,1
-2.5184626319144696,1.9318644128211533,0
-10.430845099526719,-5.096479216645001,1
-3.810605999376646,5.346849327798606,0
-10.14594075785686,-4.358571998709923,1
-3.2246593163040487,5.184943925955681,0
-3.62151692144405,6.615084328936014,0
-1.8635258950994036,3.2105851906034673,0
-1.2311789180671313,5.734201615249254,0
-0.7046847918265733,6.520369952889174,0
-0.8931532442103858,6.972482626849865,0
-9.56439489453467,-2.629451903545408,1
-1.7135451785393065,5.9620483415040235,0
-9.496660892723941,-3.6637600965023225,1
-2.725543561969694,6.103182769480604,0
-3.2112543777484426,3.897450212971254,0
-11.075343939006254,-3.8416329049786375,1
-9.559452024428927,-3.2314648590009014,1
0.30383859547373193,5.506098709656831,0
-2.9195432778668904,0.9591810480363838,0
-12.200190493570352,-2.4674016616667496,1
-8.637562937660356,-3.7305137234373156,1
-11.035974860893996,-5.6732114304260435,1
-2.2041400821405572,2.2583893296198,0
-5.938525120457175,-4.930390847636399,1
-9.941324315077814,-4.62686983109371,1
-8.819239135246349,-2.9780564827043903,1
-9.774477654257508,-4.78036104886648,1
-9.284701727730967,-1.327265840089761,1
-2.652397658358028,4.795037721531167,0
-12.078483283594284,-4.078438456718266,1
-7.2680528743383555,-3.4463231796876936,1
-9.88633648049802,-5.533189007622221,1
-11.82294990331917,-4.206703260767438,1
-7.6012570593845314,-3.0928685309822583,1
-1.1622698101974578,2.843834445811229,0
-0.9821359801156572,6.062751358297982,0
-11.435031727311523,-5.277881142913493,1
-2.082164309546939,7.491023153640602,0
-0.5712341288304197,3.920183539615345,0
-9.76203801101551,-4.531302919207534,1
-9.942644010789737,-5.81616845572501,1
-3.562848344709219,7.044628893968913,0
-9.552791328951873,-1.169392156736968,1
-9.248549707444889,-1.8700847973958608,1
-9.998632011265544,-3.343208958737959,1
-0.44313239674318594,5.973153010904049,0
-12.623848880838342,-2.922449239587723,1
-10.72037706475169,-4.507016421297941,1
-10.4178557331592,-5.1336024164479435,1
-10.220967115788389,-3.6707101820738517,1
-9.039162156408803,-4.630825420290157,1
-10.779104571432525,-5.242089144615273,1
1.1974281565629523,6.073074916683918,0
-11.6257426716714,-4.367560049478779,1
-9.208464601097061,-4.628773234641921,1
-0.9148023484111012,4.520455804477244,0
-2.925427137855224,2.6463750093450202,0
-12.866069932607722,-6.055592829528374,1
-9.783545993951936,-3.7991435120097172,1
-3.0859237825246737,3.349964371557973,0
-10.819057870124158,-4.061407973089082,1
-1.2041752673453545,3.2053093094930114,0
-2.2034780373144076,2.17875519185498,0
-0.5134977758763533,6.9373727035759645,0
-9.261570431400711,-3.2128746916479374,1
-2.406880251395137,3.940012401388885,0
-0.6479657487172163,3.3229020107219354,0
-10.249439648508922,-3.0721742202233138,1
-12.710170326883729,-6.5399990485785375,1
-1.245405775063607,4.0359651325145585,0
-9.606471587869196,-3.5641169875135725,1
-10.903045254744791,-2.8229898491128065,1
0.7903544084200367,4.794603610311558,0
1.4391150743797319,2.1997544800942244,0
-3.976153578028567,2.086648308890176,0
-8.964257826544838,-4.919688026786564,1
-9.187254229247776,-4.714234351394711,1
-3.0332476795515384,3.795611804313213,0
-11.565976123918983,-3.5965230297761535,1
-1.5472457591155189,1.7260867631734889,0
-10.458802609580344,-3.9964647058898546,1
-1.9341528863914799,4.074946516160658,0
-8.658829909907425,-5.051396374270985,1
0.47935313529780643,6.5939973739719004,0
-8.993323459785547,-3.4236486656502314,1
-2.5530617273139553,3.9428078908803683,0
-0.011065406827750701,3.054038133129165,0
-9.418376679304918,-3.0381294923875037,1
-8.25382968348905,-6.009628870545779,1
-11.053134967437838,-5.143066520005183,1
-2.287966752465704,3.6877124961520527,0
-4.341166468575283,4.127773583672669,0
-8.672638853364468,-5.134996182392031,1
0.7718085224841018,3.1972126427698253,0
-3.335525428901436,4.7581134155688,0
-3.293862413600735,5.215197201949002,0
-1.6424050492153952,6.552889065607117,0
-8.897770828010307,-4.554327084920224,1
-8.834903325763511,-4.580534430238401,1
-10.004126885659248,-2.9058291084416163,1
-10.29847475271258,-2.8988891359392053,1
0.6950733589197711,3.854741566794331,0
-10.214041943987896,-2.7647820186492797,1
-2.454739606248597,3.7956298328252656,0
-11.367130632568843,-4.11143365297158,1
-1.209179391468237,3.7620963579926734,0
-0.9698873556332438,4.096993500775842,0
-11.244434786776061,-3.453408944527466,1
-2.5536894078300127,5.698924520854968,0
-8.749213985435592,-5.050348367744716,1
-9.717485307929225,-2.539123909810825,1
-4.293448366297797,5.478674265071884,0
-7.170264505686124,-1.1724308882144037,1
-1.8175769747098327,5.351783374870528,0
-10.350681058285273,-2.371045869105971,1
-10.12058172525197,-5.6994333942574205,1
-1.9521459172623712,5.614580005191434,0
-1.7982083837608989,4.049676970657913,0
-1.1020544691307215,7.18600409644723,0
-2.415520829661996,4.4334237063194015,0
0.08236863406419159,6.011438177268361,0
-1.1328845611820715,4.303334174225204,0
-10.306800095072274,-4.978085612736253,1
-9.85759348709097,-1.621105757479108,1
0.7819162237748403,4.913507413704875,0
-9.106305179648894,-3.629559038822295,1
-8.671490810980053,-3.2585227130483174,1
-9.637905255210887,-4.914754730279832,1
-9.946000779014435,-4.456569421255634,1
-11.306466164235244,-5.594034215594937,1
-9.914766473404514,-3.3446228719935363,1
-7.784937286189866,-3.7862760820660286,1
-10.043914471745063,-1.5849776899508679,1
-1.643491266006922,5.222675994224491,0
-11.086682586681784,-2.4842110684232828,1
-1.861749599892105,5.980317304972013,0
-8.721899504988784,-5.200652373256191,1
-2.8023119418161917,2.967192134500759,0
-2.712032704194465,3.795435341081585,0
-9.989044916095162,-3.784802778881079,1
-3.6631030834964315,5.285419048622421,0
-8.578882941416945,-5.291213030191268,1
-8.125026579172303,-4.1445709637461,1
1.3986058034193212,3.812049931079197,0
-4.708900083948217,3.7340073854057305,0
-0.3796366272129199,4.196922273181553,0
-11.16261792046589,-4.281730693109468,1
-9.676985912781154,-1.268384653053639,1
-11.215127519512361,-4.811318514632388,1
-1.8121235765902424,1.707541174516082,0
-11.052805091442082,-5.3401129391857,1
-8.839028796804616,-3.520634714965106,1
-9.706242722791584,-4.024204915114286,1
-0.30399575612158536,3.5602439730250874,0
-1.6623971302055252,2.311559231950014,0
-0.6876726874791422,2.3790157908666503,0
-9.194147857113254,-4.326626279929432,1
-2.979843502760889,4.377989086522187,0
-1.3470305237671418,3.313964740672103,0
-11.58412640875364,-2.8029258464617612,1
-10.456767248759336,-3.2547122137267865,1
-3.3342649327756364,4.527880520303079,0
-9.521571770636552,-3.6928281383475805,1
-7.820132843994562,-4.11536335040408,1
-9.946819306065997,-3.5559686122979026,1
-11.154270273645427,-4.769717413523495,1
-0.521351415801623,5.733853090540487,0
-11.563127792532047,-0.38732523353768045,1
-1.6857423337027866,5.50359364453076,0
-8.042349326466699,-3.745455328685406,1
-9.542008746270655,-6.3456929779857605,1
-0.31888374787695795,5.8303919981932335,0
-0.21222770064408092,8.042949797739933,0
-1.3349085094246196,3.1713240125531232,0
-0.3796380730150861,3.7869459042766134,0
-9.848285433501935,-6.221858413974118,1
-9.326949597508026,-4.997540316730079,1
-2.368873244492849,2.2958937030968785,0
-3.796060418720022,6.347763338731923,0
-11.94842317804207,-3.201613960866801,1
-3.1014553044942845,2.2190031782534305,0
-2.0891372790412803,3.10015839436522,0
-10.206034551810847,0.024860971802961096,1
-10.885821416315524,-3.8788594924590414,1
-8.763570945457449,-6.836479384402075,1
-1.4584876111165848,6.20957216214272,0
-2.8234021419063193,2.8980940359092004,0
-2.9136341260270964,4.567882276095934,0
-2.268666257741752,3.3738785540902727,0
-8.907692554599878,-4.511288458621337,1
-2.1832004508233673,4.765056927288829,0
-9.531776773329895,-4.141519338163062,1
-9.021190745190637,-3.1705812926922103,1
0.08094794904213476,4.960728943406747,0
-8.054835983281109,-4.398271849554028,1
-9.290678552822538,-3.6424057377230357,1
-0.6776896770684688,4.329707197431665,0
-10.020213602399824,-4.115697700744801,1
-0.7317512097690797,3.7417319727922047,0
-10.463557993011761,-7.288442520256938,1
-11.255728615314904,-5.766999235325484,1
-9.566562152238399,-5.0966257893067874,1
-0.7890647370436756,2.9465884909693014,0
-1.99492223713135,2.7994200482631104,0
-11.543798521448844,-3.5894872723408344,1
-9.856452766883228,-5.527389029803279,1
-10.2815555507187,-4.3176811261926815,1
-0.8986825291394605,4.231638732758043,0
-2.468108775978575,5.372639850757564,0
-1.2448109487152441,3.306582463000192,0
-8.232855999693436,-5.447475637682892,1
-0.7325816050680174,4.1302253803625435,0
-1.8280085310295293,5.612674145373871,0
-2.1109559802476188,4.783454316972578,0
-9.46141485979354,-2.5493861854167212,1
-11.747408727349963,-5.427457002441423,1
-2.2552484302327325,5.735624749153649,0
-9.970236606345994,-4.138441812361655,1
-10.88972689023247,-5.830434682666718,1
-1.1287542656242588,4.126057344044037,0
-10.673868765899376,-3.82980383721641,1
-10.987471562561101,-5.939232459962548,1
-11.096923659482254,-4.7220724856346505,1
0.09105284305142658,4.346986818707438,0
-10.390385047595075,-5.202418816540385,1
-9.13617603509519,-3.9738139353742006,1
-1.3621103257583649,4.58500283755435,0
-8.596119442680326,-5.577814955930911,1
1.542267432420477,4.366043284918617,0
-10.456433946185772,-6.651606237984556,1
-10.065786338697766,-7.632728341564011,1
-8.82573423917023,-4.673400651979238,1
-10.307947159110459,-5.61742728143825,1
-8.35561486876031,-2.7380971432209087,1
-10.224491236473987,-2.4358046287128685,1
-2.793054053601467,7.183646710703426,0
-9.821847730485104,-4.658758463712074,1
-7.539379107574803,-5.520845830965525,1
-10.999607603509464,-3.945940383927885,1
-1.1259840135844943,5.680870136485394,0
-1.44207891544686,7.433672647353706,0
-8.963323278276317,-4.325044806524504,1
-7.473995329424401,-3.6500677912680004,1
-10.44699300441967,-2.6586961327175325,1
-12.158110177874649,-6.010975581839512,1
-9.643727532104805,-2.3291289400065334,1
-3.4311542525552152,5.513570396882116,0
-2.1496767330211553,8.647439559932636,0
-3.6451780227913506,4.730989305273873,0
-0.15342024904628326,5.715998624816459,0
0.5336019996189414,1.3162788045966805,0
-10.731339067568586,-3.0852915375672105,1
-11.285947229766407,-4.978254624983805,1
-11.001055753091581,-2.7199029418848593,1
-1.7635529509842438,4.243901768082852,0
-10.23268522977208,-1.3485136106803965,1
-0.15102988548169494,4.936840692847105,0
-9.763453619720643,-6.352807188653467,1
-8.161048543357909,-3.747801651914552,1
-9.288677028062912,-3.046677926594068,1
-2.591437561593887,5.98241184214407,0
-2.7062747561386153,3.5390012933134836,0
-9.661323611882395,-6.231539031729462,1
-2.964572240734798,4.9602755731634725,0
-4.886124638754456,4.61094137689857,0
-1.686286229529428,3.5062816699897423,0
-9.414716373239624,-3.828264044384186,1
-7.655132396788066,-0.9163496922070258,1
-8.960131214598857,-5.150868669760502,1
-12.39367824819179,-0.6176173242863934,1
-10.038564719493845,-5.52105700955242,1
-7.375169554421028,-3.238922823802729,1
-2.9458051430581778,3.005217104121238,0
-8.922686038263736,-4.241013812449801,1
-10.135225303104184,-4.056736076608376,1
-10.689186063266067,-2.200841297837589,1
-1.5275057617611996,3.293849521589353,0
-0.8181828183284996,3.02400128707247,0
-1.1087121851227224,6.2558386574075175,0
-9.830417685843381,-5.860100131997308,1
-3.329714060408005,4.30537483142288,0
-10.202669653213269,-5.999150584293858,1
-11.976057744802931,-2.685208903677384,1
0.01201455922116823,3.5267039606107726,0
-9.816801866608769,-4.214970464372481,1
-8.67351390449331,-1.703460802110075,1
-3.3066846240800665,5.544445463375334,0
-9.872562711508312,-3.0527568031904178,1
1.417200258337647,5.284982869101735,0
-8.947519135070749,-4.358402225531965,1
-9.623023792729754,-5.689623803950045,1
-9.725958869434871,-5.140649195582579,1
-1.8245471411939298,4.419313286997198,0
-12.80250331329049,-2.665937283146361,1
-4.698869529699309,4.408072023755902,0
-10.185593862005126,-4.572840054502148,1
-0.4567683581415025,4.47634081647938,0
-11.365658189952288,-5.160387036375846,1
-8.254026423217605,-4.649789700880219,1
-10.24145830518815,-4.683055575465532,1
-6.778109232128852,-0.7487403192063287,1
-10.82402597805849,-4.429547803250278,1
-5.431946842557187,5.628427391319594,0
-0.3614484619615017,0.9541818235227373,0
-9.130096698553897,-5.297544201732931,1
-4.7134135584590044,3.4151271547530517,0
-3.719235886318653,4.8792289569066,0
-2.711576545334285,3.600655333030154,0
-9.376361704850932,-5.0824210009306245,1
1.0458235662812267,3.727702408917123,0
-12.097746833998258,-5.904947665499432,1
-2.037071217395656,4.980562629429707,0
-8.41814893961909,-3.0155212669122413,1
-1.1985633053779323,4.5085379208457805,0
-9.634096375013803,-3.4824059329301478,1
-7.963682847250245,-4.097585892837538,1
-14.106425112098783,-3.1878760801232304,1
-7.93121257930586,-2.99892265233632,1
-12.75156106558939,-3.44481085294735,1
-8.98046765584662,-2.552315633633091,1
-9.255006136327808,-4.997856323066181,1
-10.711187619538958,-4.807095380981516,1
-8.685218417610171,-5.52740224561839,1
-4.958146892401718,5.801725364930711,0
-8.371784536353536,-3.972991664380965,1
-11.8745283728613,-5.706757937513078,1
-9.353730726801949,-3.561786542716195,1
-10.214902175368,-4.21168603061892,1
-2.4430946036520624,3.8526060160997093,0
-9.087810038069406,-3.3807647476116878,1
-1.3731866789473206,7.556872573561424,0
-2.949300441749778,3.7496275523199296,0
-3.479022362713473,5.569710129651192,0
-11.780349411201339,-2.6508379756229097,1
-11.50485941556356,-2.821123445941563,1
0.3642816114455458,2.4938190718379167,0
0.9808139337251203,4.315511131180947,0
-3.847063814994466,5.8335625875630805,0
-10.048306785154077,-4.079789948021642,1
-1.1503281975950383,4.845886557364018,0
-2.5482518336784237,0.9491279621879545,0
-10.177426059463503,-5.336688439308252,1
-8.857814349858726,-6.153583272093412,1
-12.15650404221921,-5.293763759372302,1
-5.121617676390969,4.897092480197212,0
-9.553157995983211,-3.9533372790313335,1
0.9868676822703182,2.3252729671007595,0
-12.788508609479607,-5.891763479416314,1
-9.540169327865922,-2.1737519033918544,1
-0.6506302837663012,8.04980532312763,0
0.33762576293286806,3.975528073629133,0
-10.120265906267099,-6.948466855740274,1
-11.819272548867765,-4.468598585763715,1
-2.1349117007410388,5.3679686684184205,0
-2.153137229960141,6.4271480658489075,0
-9.828375773612386,-5.289768354541302,1
-11.323369481513115,-3.5050960187605504,1
-11.438232104077064,-5.219218445984149,1
-10.695492024344441,-1.2648640633339299,1
-10.422291805535284,-5.892454651299966,1
-0.8171027611634115,6.678615442566538,0
-0.8676340744497106,2.064810032855131,0
-10.993340511279323,-3.2337431685993825,1
-2.0164728095767934,6.139421697975499,0
-10.861065828637583,-1.5874114445651668,1
-11.587763895261213,-5.119894975207986,1
-11.377373459439813,-1.4116585176662984,1
-0.6670382912495458,5.8860181391612585,0
-9.428888354611704,-5.865341278143243,1
-1.114538028087122,2.936909581675692,0
-10.692488706715734,-5.949502370613187,1
-7.431917875748198,-5.261833298785524,1
-10.29546298275415,-4.074259038852569,1
-8.563897532606381,-3.5612454940528755,1
-12.003814888850663,-2.5654096421185653,1
-10.982083008103658,-3.534005607442385,1
-0.7550060407584712,4.878137769471868,0
-1.696485339762187,3.243747440089422,0
-8.773728772934852,-4.183819534775344,1
-0.9595950051052584,5.957020170752413,0
-5.84918740616833,7.312783089267281,0
-1.857118249809956,7.6649890632263,0
-2.020610658576499,3.1229827802514136,0
-3.321128659375348,4.379912391977948,0
