0.6299411,0.861227235,-1
-0.343985702,0.943124652,-1
1.130607991,0.500440776,-1
1.633722724,-0.133011199,1
-0.564814937,0.734876018,-1
1.041529721,0.429063041,-1
-0.247247035,1.049410876,-1
0.463952701,-0.264037179,1
-0.82006557,0.134408294,-1
-0.308084617,0.898470658,-1
0.721307616,-0.500148741,1
0.078164401,0.19130649,1
-0.955145732,0.269077735,-1
0.184939464,-0.011138669,1
0.006632962,0.050085618,1
-0.783184608,0.685654605,-1
0.356663137,-0.398920761,1
1.901672804,0.268476381,1
0.983417057,0.097337959,-1
-0.9410491,0.269230954,-1
0.096472209,0.294548127,1
1.903536074,0.045673066,1
1.207863813,-0.386568014,1
0.100832926,0.945747633,-1
1.003699841,-0.002501223,-1
-0.030330241,1.000750252,-1
0.094158377,0.253690779,1
-0.857574386,0.665246262,-1
0.793053981,0.565595758,-1
1.150224552,-0.063466226,-1
2.072117504,0.413575772,1
0.899497265,0.459041722,-1
-0.796714022,0.533911342,-1
1.071915701,-0.606834005,1
1.848803418,-0.058342339,1
1.897890974,0.124138929,1
1.702309511,-0.101105148,1
0.395419401,0.949240214,-1
-1.059214863,0.101905573,-1
1.018861722,0.414521551,-1
1.603537355,-0.423172816,1
-0.567060488,0.743939514,-1
0.635790031,0.720904151,-1
1.016978145,0.298433154,-1
0.111984845,-0.062017396,1
2.067711058,0.168499405,1
1.508950002,-0.371419264,1
-0.055620704,0.967211522,-1
0.206453329,-0.152010741,1
-0.992727962,0.050586176,-1
-0.402047687,0.94993391,-1
0.031970634,1.026657569,-1
-0.406732641,0.982509594,-1
1.804809506,-0.200057072,1
0.04699311,0.329654864,1
0.941672927,0.422256285,-1
0.707055806,0.442939437,-1
0.528027131,0.870669349,-1
1.016443013,-0.604438916,1
1.38163928,-0.371398098,1
1.332611908,-0.361440505,1
1.353111218,-0.392546766,1
0.174852346,-0.029629215,1
1.639081814,-0.183607438,1
0.215287556,-0.149804909,1
0.797900215,-0.48405561,1
0.294095861,-0.135291991,1
1.933650809,0.299537607,1
0.028369295,1.130607869,-1
0.050341522,0.975367303,-1
0.949851697,0.187131043,-1
1.690623758,-0.142144764,1
1.868658665,-0.080816116,1
1.093935305,-0.553361857,1
0.602647491,-0.510400906,1
-0.835776899,0.367537957,-1
1.067419723,-0.574538251,1
-0.438444135,1.01637203,-1
-0.018574728,0.249266737,1
0.359214433,-0.108787,1
-0.92591404,0.572334102,-1
0.855003619,0.544360472,-1
-0.642556289,0.675202342,-1
-0.990106293,0.294034383,-1
1.726026936,-0.024221158,1
-0.90139802,-0.007601915,-1
1.114813664,-0.511241114,1
-0.626751399,0.711361497,-1
0.151505321,-0.014669418,1
-0.003276896,0.178686215,1
-0.938911463,-0.060843323,-1
-0.32327944,0.921979157,-1
0.727417592,-0.36250991,1
-0.946820341,0.779241773,-1
-1.003015685,0.03060378,-1
0.954342579,0.372205321,-1
-0.975939293,0.14316037,-1
1.44511282,-0.628488319,1
1.014835403,0.381617627,-1
-0.15214312,0.947317548,-1
-0.860650299,0.424888053,-1
-1.152209444,0.269497798,-1
1.084447505,-0.446745325,1
-0.027341594,0.466424387,1
1.717620585,-0.146922604,1
-0.286550878,0.919577698,-1
-0.007861718,1.102766041,-1
-0.203491372,1.003203505,-1
0.01892491,0.125357773,1
0.786743892,-0.428899103,1
-0.533620436,0.99494992,-1
0.535292682,0.738041443,-1
0.789738307,0.493101964,-1
0.84818111,0.175187815,-1
0.32288855,-0.226591507,1
-0.86222823,0.540599761,-1
0.689171809,0.738785574,-1
1.080062747,-0.63562554,1
0.860312061,-0.458806245,1
0.120422343,0.062738733,1
-0.68196228,0.836744533,-1
0.776322017,-0.50582551,1
0.619139769,0.684600355,-1
0.096115384,0.068934827,1
-0.904082893,0.254789787,-1
-0.564670908,0.838347533,-1
0.347154268,0.884421439,-1
1.505772339,-0.335137723,1
2.057229056,0.369204679,1
1.79110317,-0.250212148,1
0.239645222,-0.00526942,1
0.097561864,0.147135613,1
0.759539893,-0.471979684,1
0.383501982,0.892641246,-1
1.035262019,0.127169784,-1
-0.871803226,0.45471776,-1
0.119709521,0.114941184,1
-0.816842987,0.640861812,-1
0.801072526,0.342325224,-1
0.66851681,0.83012438,-1
-0.171545416,0.887540291,-1
-0.373580022,1.029468213,-1
0.939395522,0.227908793,-1
1.390234473,-0.459043077,1
0.290912378,0.879518711,-1
1.028249446,0.207841069,-1
0.056336046,0.285018514,1
-0.897510944,0.57985483,-1
2.055873085,0.415900177,1
-0.825839087,0.456401575,-1
0.968339749,0.232448394,-1
0.996434564,-0.531795456,1
0.481062461,0.718029726,-1
0.912979809,-0.425171606,1
0.513417998,-0.282400896,1
-0.188110539,0.960237501,-1
-0.989134373,0.503075792,-1
0.870724025,0.373351012,-1
0.567450978,-0.362426074,1
1.194694409,-0.585702828,1
0.142067686,0.978250809,-1
0.075170065,-0.21436885,1
1.471327004,-0.361976796,1
0.621046432,1.065791847,-1
0.398851524,-0.503013749,1
0.016019112,0.986935391,-1
0.262634984,-0.108886113,1
-0.560341231,0.858023546,-1
0.041224595,0.0244959,1
1.242055566,-0.466667491,1
1.509027454,-0.389771155,1
1.208274452,0.210218317,-1
1.060167024,-0.640466079,1
0.046732116,0.063380614,1
1.113703647,-0.590899089,1
-0.951292855,0.23445394,-1
1.875780639,0.009915857,1
-0.186338363,1.015564678,-1
1.981298469,0.167502395,1
-0.820468117,0.699714166,-1
0.954225046,0.321380438,-1
0.73421881,0.689009458,-1
0.542369493,0.719434379,-1
0.807026739,-0.397292755,1
0.399591968,-0.30645822,1
0.226444564,0.062990583,1
1.655334687,-0.146028793,1
-0.897282501,0.556415202,-1
0.052992783,0.880021334,-1
2.154359016,0.348376139,1
0.718350308,-0.562061235,1
-1.046218119,0.073367062,-1
-0.054317097,0.192901738,1
1.483074365,-0.336595014,1
0.247589878,0.967046076,-1
0.373758955,0.817057706,-1
1.93465958,0.141570972,1
1.988096745,0.394968052,1
0.714652759,0.74380409,-1
-0.702032392,0.857107009,-1
1.28581127,-0.506910824,1
0.338646695,0.974010783,-1
0.54999497,-0.487232804,1
-0.726041173,0.373994883,-1
-0.215328417,0.942698698,-1
0.591127297,0.835243763,-1
0.471664842,-0.413675149,1
0.218695199,-0.03088451,1
1.021171797,0.716807241,-1
0.590860019,1.004258561,-1
0.006588084,0.874184435,-1
0.715474151,0.525482273,-1
1.131669491,0.082115946,-1
-0.821268027,0.384655579,-1
0.710390471,0.936268309,-1
-0.062482839,0.65233272,1
0.233533887,0.882575599,-1
-0.97974896,0.016276011,-1
0.070402255,0.270400656,1
1.140767177,-0.554350369,1
-0.960274544,0.304242463,-1
1.58174831,-0.361927414,1
1.184208574,-0.40772676,1
0.106124593,0.409582221,1
0.392887575,-0.472038588,1
1.914828727,0.413677008,1
-0.658960293,0.839475511,-1
-0.974609,-0.122420005,-1
1.734869739,-0.127268026,1
0.766579322,0.446238841,-1
0.629528758,-0.344124115,1
-0.897092255,0.716687445,-1
1.804274586,-0.068650639,1
1.617965337,-0.206642016,1
1.650873432,-0.312080585,1
-0.236573777,1.000853481,-1
-0.356506622,1.01707347,-1
0.495936255,-0.421452798,1
0.870656655,-0.61416334,1
1.834166127,0.05639871,1
0.196643794,0.061575749,1
0.246439609,-0.114976556,1
-0.711244641,0.671324595,-1
0.981181385,0.468890998,-1
0.01576445,0.306284921,1
0.164357359,-0.091378987,1
1.501438123,-0.456910502,1
0.809417091,0.718531257,-1
0.179805595,-0.022377016,1
-0.834921292,0.214785112,-1
0.478117968,-0.170942739,1
2.07993039,0.537414654,1
0.264456734,0.976788408,-1
1.543135098,-0.245127005,1
-0.716114667,0.654938839,-1
0.984051504,0.30604638,-1
0.755067246,-0.344028445,1
0.284038439,-0.167903438,1
0.733238949,-0.521340729,1
-0.774406782,0.72554051,-1
1.430865215,-0.404601237,1
0.039200482,0.313162085,1
0.501479427,-0.431684724,1
0.217293994,0.392104795,1
0.296104844,0.880074195,-1
0.13400641,0.232249156,1
0.58092443,0.828286355,-1
0.73756331,-0.475571033,1
0.879723904,-0.470973189,1
0.95253635,-0.028680601,-1
-0.979189567,0.184045816,-1
0.220663445,-0.188190675,1
2.066520951,0.307667715,1
-0.3137666,0.865790791,-1
0.163603181,0.921400338,-1
-0.623004374,0.757564847,-1
0.009019095,0.951921904,-1
2.045590538,0.061118011,1
1.072352201,-0.567535888,1
-0.907476412,0.274295688,-1
0.546746199,-0.409841375,1
0.837850547,-0.574878454,1
0.762978165,-0.490617093,1
1.750661664,-0.180527984,1
-0.026490136,0.721519697,-1
1.483799666,-0.296011859,1
-0.016092627,0.140361792,1
-0.547122642,0.921932116,-1
0.401045878,0.864636938,-1
1.132082805,-0.281361223,1
0.857190821,-0.547421376,1
0.769047656,0.825149804,-1
0.712678167,0.699022474,-1
-0.409808951,0.87218581,-1
0.029096549,0.404083075,1
1.83830877,-0.18809511,1
-0.736418615,0.838668274,-1
0.330459271,1.007800679,-1
-0.017849981,0.302019999,1
0.982446948,0.393591276,-1
0.807930508,-0.623067226,1
-0.014346557,0.996000541,-1
0.550321806,1.037776441,-1
1.265725508,-0.516816094,1
1.770167325,-0.117993376,1
0.704017147,0.650933745,-1
-0.8392063,0.417510798,-1
0.892771748,-0.40174889,1
0.507058196,-0.13887133,1
-0.958983355,0.26604183,-1
-0.478353558,0.820211597,-1
-0.017691685,0.068123828,1
0.246337934,0.856807718,-1
-0.482222727,0.922682611,-1
0.352790324,0.934009198,-1
0.140352486,0.941477779,-1
0.838662507,0.717698905,-1
1.562270739,-0.397757805,1
-0.096679592,0.37434489,1
0.447642069,0.800294031,-1
-0.682140193,0.670618936,-1
1.736794659,-0.213457765,1
0.988320887,-0.054329697,-1
1.409770329,-0.570070537,1
-0.98622043,0.260583606,-1
1.92720296,0.445438045,1
1.033527132,0.08310907,-1
1.021259914,-0.401930916,1
0.078263639,0.078687247,1
-0.881793305,0.357685314,-1
1.466927388,-0.239760319,1
-0.77749433,0.625472371,-1
0.564787321,0.633800182,-1
0.286698128,0.977697852,-1
0.914584558,0.226307108,-1
2.014769286,0.354923926,1
0.790417825,0.720326982,-1
1.708386448,-0.2442964,1
0.199407868,-0.149739897,1
-0.781983472,0.739168176,-1
1.887865654,-0.201134948,1
-0.393177863,0.937174802,-1
-0.797199704,0.5691687,-1
0.894034806,-0.539550476,1
1.67150946,-0.222629197,1
1.941543749,0.222271973,1
1.725344472,-0.204311078,1
1.774108653,-0.119646468,1
1.335662471,-0.387838988,1
-0.732491989,0.743777205,-1
-0.311677215,0.688692365,-1
-0.907874839,0.474186848,-1
0.850714481,0.531579751,-1
1.506666449,-0.337007957,1
-0.033693375,0.458243881,1
0.843273105,0.416103188,-1
0.991460059,-0.426642945,1
1.983333764,0.204421104,1
0.988820161,0.247491309,-1
1.067519847,0.208476897,-1
-1.04107398,0.584981913,-1
1.92152229,0.052534885,1
1.5771555,-0.258304431,1
-0.03290479,0.371303748,1
-0.76598623,0.707298991,-1
0.585903672,-0.417618936,1
1.647676126,-0.380497837,1
0.927026473,0.511159648,-1
0.70723693,-0.391118193,1
2.181911065,0.441592082,1
0.417911469,0.82541152,-1
1.058284301,-0.685500676,1
1.566757036,-0.034198052,1
0.118454874,0.043499927,1
0.969609719,-0.657094768,1
-0.847390035,0.532174378,-1
0.495645164,-0.375062016,1
0.035082743,1.091695306,-1
-0.318209303,0.815534649,-1
0.885700348,0.674173634,-1
1.36910162,-0.241586388,1
0.270194217,-0.050715575,1
1.969500979,-0.12719525,1
1.438537214,-0.283873411,1
-0.005859093,1.026650183,-1
0.962249377,-0.500798701,1
1.75750443,-0.115279008,1
0.62908727,-0.4619394,1
0.939000202,-0.584865424,1
0.975822654,0.369536917,-1
1.912777537,-0.23414147,1
1.902143497,-0.021673704,1
-0.621140632,0.706347784,-1
1.156774322,0.070807252,-1
1.432398429,-0.162921593,1
2.100564449,0.431652064,1
-0.791700883,0.816400412,-1
0.043447792,-0.062165548,1
0.52261382,-0.353326185,1
0.221740531,0.167394205,1
0.964688219,-0.239748734,1
0.961257213,0.508811026,-1
0.967912516,-0.415203597,1
2.044083192,0.406416324,1
0.32914284,-0.372008747,1
0.26993243,-0.136253006,1
-0.048855639,0.928112638,-1
1.7528968,-0.014990033,1
-0.87716342,0.32040455,-1
1.0187745,-0.012389821,-1
-0.963892367,0.00990588,-1
0.448545183,-0.406802023,1
1.504658833,-0.418566048,1
-0.840539526,0.641004751,-1
1.975223362,0.318010136,1
0.539435419,-0.234994262,1
-0.646467522,0.777983917,-1
0.91097428,0.395153026,-1
-0.754525638,0.450851948,-1
0.261952605,1.009614817,-1
-0.660167502,0.872642857,-1
-0.207786916,1.164765847,-1
0.459119827,0.954007992,-1
0.753868283,0.844608035,-1
1.677457711,-0.26219552,1
-0.519217667,1.012179488,-1
0.772296691,-0.698946731,1
-0.935334069,0.253815508,-1
0.516163345,-0.385159004,1
-0.629215518,0.7438704,-1
1.943698981,0.235445867,1
0.248151704,1.031175908,-1
1.825026211,0.392302537,1
0.165309347,0.065048771,1
1.137266473,-0.042271066,-1
-1.084589337,0.078912766,-1
0.703078447,0.745808522,-1
0.998386226,0.146941131,-1
1.874474159,0.071916693,1
0.493601088,0.821806589,-1
0.379052673,0.990370892,-1
0.526419406,-0.269432501,1
0.961510016,0.324171243,-1
0.090314948,1.017059301,-1
-0.954648582,0.337274098,-1
0.219270728,-0.262015082,1
-0.998739341,0.209167088,-1
-0.059688703,0.25034954,1
-1.016729536,0.144386167,-1
-0.772975686,0.436081227,-1
0.277421728,-0.327167072,1
-1.005864111,-0.068850968,-1
1.939968624,0.102344365,1
0.766877372,0.871024202,-1
1.774301711,-0.081333905,1
-0.226649874,0.972891114,-1
0.807732729,0.671033835,-1
-0.696153852,0.798980211,-1
0.68904533,-0.442406066,1
0.936588163,0.026703315,-1
0.615433167,0.949333914,-1
1.294215828,-0.589764982,1
1.025016873,2.02E-05,-1
1.783471705,-0.053384152,1
1.04041491,0.318740187,-1
1.488912142,-0.301512641,1
1.064599961,0.430349911,-1
0.123196773,0.136396115,1
1.041406315,-0.601228783,1
1.877716484,0.509586835,1
0.520537277,0.822408412,-1
0.037664073,0.364203646,1
1.364419259,-0.444723221,1
1.085981135,0.540608588,-1
1.852680756,0.210199429,1
0.416512054,-0.456045146,1
-0.010045223,0.139659942,1
1.938270195,0.43391635,1
1.543531231,-0.315270403,1
1.972880996,0.224871003,1
-1.010421984,-0.040460576,-1
-0.65137349,0.728393775,-1
1.778580047,-0.02395976,1
0.32604871,-0.256258416,1
0.680575989,-0.298227235,1
1.040313847,0.233080409,-1
0.816900437,-0.422148793,1
1.557279621,-0.186763466,1
-0.403383331,0.991571444,-1
0.232649396,0.933631117,-1
0.475021671,0.872576212,-1
0.13251071,0.952003008,-1
0.751438451,-0.495311872,1
0.938154923,0.392328268,-1
-0.159253855,1.155511253,-1
1.866837873,0.374809942,1
0.412924068,-0.238245361,1
1.91328464,0.337942106,1
-0.304363631,1.020515345,-1
-0.810526848,0.467748364,-1
-1.14203656,0.143706599,-1
1.263492464,-0.417152661,1
0.718997176,-0.507037534,1
0.167557382,1.157466464,-1
0.832306188,0.4711926,-1
0.931675824,0.486948491,-1
1.005901198,0.250683932,-1
1.613369712,-0.441984469,1
1.532935767,-0.251382129,1
1.12320968,-0.712844236,1
0.069632976,0.290034421,1
0.90806666,0.284314378,-1
-0.295335049,1.105696572,-1
1.733873551,-0.163914137,1
0.649980496,0.808331695,-1
-0.404118238,1.072849487,-1
0.434609993,0.868429127,-1
1.059210026,-0.547395103,1
0.493566362,-0.422569297,1
0.429114265,-0.38083627,1
-0.799612185,0.69906236,-1
0.475113995,1.010235378,-1
0.816969108,0.456414927,-1
0.490470388,-0.239606236,1
1.092650138,-0.598309477,1
0.670845084,-0.5006726,1
-0.599884029,0.832462842,-1
0.937634715,0.483748882,-1
0.457153718,-0.035800439,1
0.119680144,-0.212711018,1
-0.903509888,0.326472896,-1
0.71816954,-0.479337256,1
1.990278466,0.479496713,1
0.462721346,-0.28461299,1
1.677353368,-0.252569329,1
-0.479452694,0.870191232,-1
1.317207032,-0.480544269,1
1.482969924,-0.279613569,1
1.933486418,0.110098879,1
-0.133366488,0.941472629,-1
1.742389583,-0.235469162,1
0.409181224,0.997497642,-1
0.840371127,0.309172365,-1
0.028180358,1.050695108,-1
-0.487418304,0.964021759,-1
1.818597174,0.058684069,1
1.825240152,-0.023778663,1
1.604626892,-0.178406469,1
1.491859388,-0.426661876,1
0.585261377,0.83373233,-1
-0.629642204,0.685333995,-1
1.360621943,-0.388767569,1
0.858060905,-0.582693478,1
0.020591812,0.362233079,1
1.734202953,0.05114313,1
0.391546472,0.918443397,-1
-0.160430385,1.083145767,-1
0.588155185,-0.420504183,1
-0.975826766,0.224576863,-1
0.93639733,0.476623756,-1
-0.237860547,0.956193001,-1
-0.573855687,0.630879329,-1
-0.87882888,0.459256997,-1
0.432590163,-0.338353612,1
0.137439537,0.985692316,-1
1.264304174,-0.526205074,1
-0.068267218,0.565212763,1
-0.460787383,0.762080609,-1
0.509530009,-0.256822325,1
-0.930844552,0.312292199,-1
0.181439621,0.312004099,1
0.117640669,0.188460653,1
-0.749435413,0.750848627,-1
-0.95648141,-0.033962565,-1
-0.212786894,1.01475211,-1
0.84361318,0.67252528,-1
0.733599776,-0.367247163,1
0.848286405,0.468478609,-1
0.92106873,0.577932195,-1
0.587888941,-0.389521937,1
0.828663261,0.562297175,-1
1.040265738,0.151950495,-1
-0.345887206,0.938030027,-1
0.799763308,0.336915715,-1
0.042874827,0.999567377,-1
0.091094211,0.910389193,-1
1.922281304,0.328766507,1
0.460723567,-0.264564489,1
1.207945652,-0.468215523,1
1.871412876,0.124874975,1
0.398592286,-0.292317095,1
0.297332995,-0.277233467,1
0.11748842,0.441607219,1
-0.892057544,0.39498447,-1
-0.5351747,1.092582444,-1
0.765236893,-0.460162332,1
1.767570784,-0.170948494,1
-0.016728494,0.440746304,1
0.287900619,-0.284860202,1
-0.749121399,0.679678675,-1
0.011546926,0.374201916,1
0.457854998,0.773800707,-1
0.193386224,-0.123444212,1
-0.880191712,0.404569225,-1
0.755324764,0.419709642,-1
-0.956007351,0.358732417,-1
0.966214642,0.19661986,-1
-0.329109243,0.841631518,-1
-1.103855132,0.088560968,-1
0.210232274,-0.081045646,1
-0.000760896,0.489494968,1
-0.806003077,0.485758648,-1
-0.989125725,0.141535708,-1
1.592301028,-0.255108227,1
0.337826949,-0.414205799,1
0.984045004,-0.011103425,-1
-0.759688537,0.713659621,-1
1.001681814,0.227785252,-1
0.840758864,-0.573773157,1
0.935359516,-0.35795363,1
1.994892324,0.459492803,1
0.779880971,0.496177852,-1
0.499791002,-0.394953402,1
1.901148533,0.349266381,1
-0.777561477,0.597221839,-1
1.175603127,-0.479144935,1
-0.782480029,0.592829589,-1
0.277818928,-0.427663966,1
-0.957888913,0.290861645,-1
-0.819272596,0.698491299,-1
0.907739865,0.55890603,-1
-0.947931514,0.282916648,-1
0.197929081,0.980845131,-1
1.557786046,-0.307751029,1
-0.483547885,0.781280805,-1
0.191913533,-0.181922623,1
1.937803176,0.270890541,1
0.004522536,0.373847384,1
1.876363883,0.15775065,1
1.688038822,-0.106272768,1
1.218666818,-0.620945546,1
1.126798596,0.123989203,-1
0.004101988,0.273532772,1
-0.600650267,0.902442863,-1
-0.70884979,0.716076269,-1
1.322174042,-0.406960403,1
1.180147893,0.053850662,-1
0.966556198,0.130137707,-1
1.415397825,-0.581991455,1
0.905730301,0.271534,-1
1.53156368,-0.396634474,1
1.982895708,0.449798629,1
-0.768525256,0.585727509,-1
0.536149878,-0.395528014,1
-0.477387163,0.964878609,-1
1.562942571,-0.259735795,1
0.430467567,-0.417048701,1
-0.974283314,0.522000608,-1
0.410324979,0.828490982,-1
0.670589465,-0.381629356,1
1.47714991,-0.355921137,1
-1.06502316,0.392001872,-1
1.977648358,0.350507096,1
1.89586638,-0.009280521,1
0.630221498,1.051600019,-1
0.140963124,-0.143241311,1
1.161072379,-0.454991862,1
1.23606429,-0.558109971,1
-0.23224041,1.138490421,-1
0.897173936,0.428073789,-1
0.343731138,-0.498055219,1
0.195720605,-0.264533706,1
1.298537894,-0.469966534,1
0.427109617,0.795269104,-1
1.730083841,-0.178455645,1
0.381930655,-0.418851292,1
0.563847796,0.798860889,-1
1.483428375,-0.403343735,1
0.006460202,0.936148934,-1
1.03257607,0.413102994,-1
0.243194708,1.002160888,-1
1.778352089,-0.173449631,1
0.623207736,0.850204983,-1
0.763475157,0.763260122,-1
0.13424267,0.458989328,1
2.02132623,0.229821036,1
1.001105904,-0.506342804,1
0.995493812,-0.533261754,1
0.731508896,-0.405135099,1
2.052205167,0.450972622,1
0.537875357,-0.219110583,1
-0.241404392,1.006830718,-1
0.053406744,0.082800891,1
0.776582397,0.680017521,-1
0.291617863,0.960825907,-1
0.14065504,1.033340493,-1
1.371437913,-0.561083781,1
0.686721319,-0.532975579,1
-0.481678827,0.85542618,-1
0.948956621,-0.500539009,1
1.056481972,-0.469737553,1
0.638210402,0.729085183,-1
0.970565301,-0.460298552,1
0.034637098,1.113739152,-1
-0.984138802,0.236857615,-1
-1.022872351,0.247871533,-1
1.138407314,0.249288474,-1
1.381264496,-0.552891509,1
0.276839456,1.002239887,-1
0.745078766,0.807601864,-1
-1.061740022,0.289541296,-1
0.353686897,-0.324999638,1
0.330613497,-0.182815251,1
0.29730843,0.925281737,-1
0.534182812,0.651287679,-1
0.209256247,0.031043218,1
1.351064143,-0.35594637,1
-0.855227206,0.499067072,-1
-0.754771791,0.615093484,-1
-0.512922163,0.895942092,-1
2.086006417,0.439645538,1
1.724421519,-0.160103652,1
0.169797022,-0.060903732,1
1.031901286,0.143266528,-1
-0.382898922,0.875011412,-1
0.758581731,-0.538776687,1
0.084084628,-0.087424911,1
0.127335812,0.084745519,1
0.934001404,0.063559169,-1
-0.041436279,0.934060482,-1
-0.775218024,0.555301931,-1
1.851161587,-0.057864127,1
1.839000076,-0.002948271,1
1.582099492,-0.284734798,1
0.765871742,-0.551306458,1
-0.10727211,1.009226538,-1
1.4325454,-0.390288873,1
0.721571867,0.561324213,-1
0.243133614,1.093086798,-1
-0.219546441,1.023450091,-1
0.923692171,-0.560732278,1
0.35879384,0.851586321,-1
-0.700711232,0.614484039,-1
1.347174639,-0.466190909,1
-1.081718319,0.267707098,-1
0.029529854,0.322611514,1
-0.583579632,0.887828749,-1
-0.930609615,0.483046424,-1
0.137605692,-0.115992337,1
-0.339835939,1.029317,-1
0.457930793,-0.373993928,1
0.44366255,-0.411744781,1
0.089298452,0.175589114,1
-0.255246388,0.892513609,-1
0.743135486,-0.546285551,1
1.734084132,-0.163338072,1
1.66298143,-0.292557597,1
0.32596587,-0.083820203,1
0.041799597,0.44837726,1
2.022109487,0.099193182,1
0.157277197,1.029244849,-1
0.183284254,1.005411115,-1
-0.403177681,0.853887995,-1
1.593703311,-0.378321189,1
-0.697920394,0.776816212,-1
1.309249382,-0.570564237,1
-0.903269323,0.201529122,-1
0.459688586,0.674233047,-1
0.502147142,-0.338230938,1
-0.920317128,0.604825181,-1
1.886533741,-0.042138124,1
1.906663321,0.444512844,1
1.872777768,0.001068213,1
0.603430983,0.774504175,-1
1.201841955,-0.551068542,1
0.213224061,-0.098117174,1
-0.902981996,0.239276642,-1
0.379549333,-0.325602663,1
1.787680931,-0.124645833,1
-0.060947897,0.299318167,1
-0.604235348,0.663746262,-1
1.049156147,-0.491012236,1
0.121561867,-0.044478156,1
-0.91033833,0.224952071,-1
0.358495019,0.913749459,-1
-0.619631107,0.712891426,-1
1.017191061,-0.470004154,1
1.617622698,-0.336762139,1
0.421271808,0.917409226,-1
-0.035568203,0.971658627,-1
-0.972704418,0.174176553,-1
1.886052039,0.349192391,1
0.876146254,0.606936326,-1
-0.870476872,0.519398613,-1
-0.732991932,0.404953887,-1
0.990171021,0.134016294,-1
0.532204991,0.929655331,-1
1.105169003,-0.467630458,1
1.880383473,0.038470747,1
0.604875999,-0.342378531,1
0.685311086,0.868338917,-1
-0.482067979,0.707626232,-1
2.131797424,0.51616719,1
2.059319498,0.464539293,1
0.217707316,0.995183472,-1
0.908871033,0.389448035,-1
0.079758824,0.257718628,1
0.202314758,0.350872866,1
1.556794426,-0.438556357,1
-0.454616996,0.895521774,-1
-1.03536719,0.173513599,-1
0.182483946,0.941648366,-1
0.558983971,-0.368252996,1
0.613296791,0.809644842,-1
-0.077141265,0.423375505,1
0.095527544,0.935924809,-1
-0.093616143,0.775816019,-1
0.032707398,0.411837326,1
0.2327321,1.064481384,-1
0.192533862,-0.075936866,1
-0.452910459,0.778817291,-1
0.991900388,0.260642714,-1
-0.355863954,1.003943155,-1
0.846662914,0.229890634,-1
-0.63733359,0.670212191,-1
0.985990591,-0.352347893,1
1.99499932,0.38469935,1
-0.02646017,0.136153746,1
0.622377448,0.78167977,-1
1.975672947,-0.001312522,1
1.297199812,-0.633686451,1
0.064991236,-0.027232093,1
1.928144295,0.085056137,1
0.345736893,1.003784418,-1
1.998001446,-0.011595596,1
1.676612594,-0.189531613,1
0.630293908,-0.322779752,1
1.918658115,0.20188613,1
-0.672910597,0.785780389,-1
0.016240977,0.382497029,1
-0.690000534,0.62430121,-1
0.108620415,0.959670775,-1
0.900796814,0.050331022,-1
0.078205704,0.216222257,1
1.729946584,-0.167949105,1
1.603002219,-0.303532656,1
-0.95267654,0.43051731,-1
0.913399378,0.383863524,-1
0.434842612,0.871154342,-1
1.860968314,0.549979328,1
-0.846696675,0.356204762,-1
1.625759833,-0.440325743,1
0.192795102,-0.033528888,1
-0.112707978,0.965266853,-1
0.812549805,-0.410824096,1
0.791390364,0.672014275,-1
-0.243192403,1.179369747,-1
1.26079355,-0.346347512,1
0.912289372,0.311888876,-1
1.587720769,-0.35169891,1
0.147147392,0.959288791,-1
0.94842532,-0.52254091,1
-0.007905804,0.518733112,1
0.113783216,0.350118235,1
1.461951809,-0.40479456,1
-0.109760657,0.954595316,-1
-0.938378053,0.108110318,-1
0.273367536,-0.31620874,1
0.033184924,0.146807933,1
0.064226667,0.103645863,1
0.519794705,0.742555198,-1
-0.606403264,0.857962816,-1
0.046736012,0.899111535,-1
0.209928013,0.053457751,1
1.949246876,0.343602903,1
0.528900401,1.011631765,-1
0.787268185,-0.322319019,1
1.950024387,-0.161586322,1
1.935886642,0.409409868,1
0.686373914,-0.387463876,1
0.769311652,0.607916256,-1
-0.150794012,0.955419324,-1
1.565595127,-0.399677275,1
-0.557113792,0.813852424,-1
-0.014264545,1.064091073,-1
1.230738811,-0.527561669,1
0.775351228,-0.584909887,1
1.728910288,-0.033490345,1
0.739469624,0.701252826,-1
0.43911456,-0.273777259,1
0.393355725,0.918047431,-1
2.004953034,0.311602239,1
1.815180053,0.115951445,1
0.911883562,-0.550772964,1
1.578122931,-0.261758463,1
0.197792124,-0.132111997,1
0.453426944,-0.121370763,1
1.389547493,-0.328590631,1
1.887511229,0.150544082,1
0.152101751,0.107813156,1
0.937222053,0.565739853,-1
0.599908332,0.771661212,-1
0.259774111,-0.221668042,1
-0.887621739,0.254606547,-1
2.057800705,0.19369415,1
0.049097691,1.134186803,-1
1.6405326,-0.448121572,1
-0.612760588,0.561070791,-1
0.050545924,0.992273467,-1
0.646621078,-0.483733893,1
0.298822161,-0.103165162,1
1.707605083,0.120458845,1
0.2173407,0.916722373,-1
-1.035567932,0.177405774,-1
-0.687048374,0.539773962,-1
0.75323929,-0.404050407,1
0.355479796,-0.186500456,1
1.717002579,-0.177822645,1
-0.945248326,0.335333728,-1
0.28006461,-0.084842038,1
-0.031731648,0.46960237,1
1.267872714,-0.381739576,1
-0.196793324,0.915128164,-1
1.975777162,0.335098946,1
1.019170377,0.069673242,-1
-0.03897425,0.375127455,1
1.896699116,0.349220622,1
0.306991497,0.882606008,-1
1.914538171,0.531026062,1
1.012270495,-0.003727914,-1
1.89326693,0.156276768,1
-0.864978632,0.127542204,-1
0.292382302,0.971415011,-1
1.439322641,-0.327541985,1
0.203133382,-0.195426068,1
0.507355801,0.941230509,-1
1.243184996,-0.456236834,1
-0.930206836,0.268683097,-1
0.692208729,-0.490328546,1
1.635384816,-0.211248135,1
0.051728609,0.285369196,1
1.532775397,-0.31990358,1
0.259860523,0.997046093,-1
-0.47928295,0.848290849,-1
0.836010151,0.377267885,-1
2.034075797,0.084321381,1
1.686578208,0.030224108,1
-0.380934292,0.955277153,-1
-0.939409246,0.4354243,-1
0.99971865,-0.594850138,1
-0.100466521,0.157294874,1
0.202222367,-0.145522757,1
0.385392057,0.900755796,-1
0.234791044,0.918319819,-1
0.422157194,0.973204942,-1
0.208968787,-0.070379063,1
0.779448659,0.770717453,-1
-0.230747431,0.894908138,-1
1.902891343,0.08175832,1
-0.041971007,0.265607002,1
0.590446169,0.981192528,-1
-0.800088012,0.663096772,-1
-0.905183473,0.550413536,-1
-0.026708135,0.537782888,1
-0.842120482,0.544998614,-1
0.153662445,0.416756245,1
-0.160388789,1.067794634,-1
-0.576923603,0.884979246,-1
0.945578487,-0.594310369,1
-0.053267356,0.711984798,-1
-0.87037333,0.420205778,-1
0.944286977,0.298134501,-1
0.754980976,-0.552967618,1
0.870334857,-0.494812002,1
1.00619031,0.337250782,-1
0.284874043,0.026915141,1
1.126883335,0.044811992,-1
0.249249504,0.853990267,-1
1.31392436,-0.21595903,1
0.636683496,0.743124291,-1
-1.034165941,0.054525867,-1
0.489934466,-0.260086229,1
0.482599406,0.691386535,-1
1.77763912,0.528149594,1
-0.762174646,0.47067885,-1
0.315707651,0.093224345,1
0.812361886,0.60604736,-1
-0.261709185,1.006758014,-1
1.256558618,-0.437993189,1
0.781262538,0.720560468,-1
0.915425546,0.323709375,-1
1.301263531,-0.533726358,1
-0.581205166,0.871333702,-1
0.31500621,0.756010057,-1
0.704452461,0.644726582,-1
1.113014366,-0.481049857,1
0.618396869,0.617845542,-1
0.496586776,-0.290048845,1
1.018154057,0.248340406,-1
-0.437444396,0.732676572,-1
-0.875424509,0.485693086,-1
-0.454814173,0.989511727,-1
-0.120276038,0.534473458,1
-0.985123674,0.027070163,-1
-1.000026628,0.253946544,-1
1.615086263,-0.179831866,1
-1.071197072,0.136612477,-1
2.116633123,0.454442746,1
0.930203503,0.650137272,-1
-0.873436139,0.36733557,-1
0.010090496,0.232073582,1
0.06066084,1.109630453,-1
-0.972367835,0.148202953,-1
0.384401041,0.905201668,-1
1.943549087,0.209845416,1
-0.035006551,0.360732566,1
-0.198513409,1.085067807,-1
0.709073044,-0.260503605,1
-0.575933954,0.994897816,-1
1.059211421,0.349743299,-1
0.019661997,0.345517974,1
0.36062973,0.97466027,-1
-0.50272878,1.009427206,-1
-0.12560115,0.995853645,-1
0.28339938,1.049326402,-1
-0.169097387,0.981007686,-1
0.958594623,0.057331005,-1
-0.140090681,0.9188507,-1
1.368910201,-0.41541908,1
1.061556621,-0.430226623,1
-0.980752577,0.254332916,-1
-0.112224885,0.319821251,1
2.012229278,0.147801757,1
1.678983608,-0.333988841,1
-0.42558122,0.806210049,-1
0.745213117,0.744878769,-1
0.218170674,-0.090908692,1
-0.643668355,0.679955889,-1
1.524487852,-0.285504046,1
-0.589023169,0.720594873,-1
0.032515631,0.41291427,1
0.618617105,0.62038962,-1
0.597179614,0.691983219,-1
0.050584679,0.994630367,-1
1.972717383,0.151588657,1
0.764001252,-0.379125867,1
0.638856291,0.738432876,-1
-0.812586089,0.207911832,-1
-0.014738806,0.860828147,-1
1.51953453,-0.324956667,1
0.779212015,-0.541231145,1
2.206380409,0.387642192,1
2.06875352,0.413865506,1
0.785909832,-0.396962251,1
1.681511478,-0.178193764,1
0.257192376,0.852472498,-1
0.76649263,0.620956782,-1
1.198428942,-0.493603627,1
-0.964379681,0.223354825,-1
-0.864196858,0.687498928,-1
-0.674369245,0.793053207,-1
-0.904128683,0.647927801,-1
-0.232186267,0.943379005,-1
1.229116003,0.37685221,-1
1.248827008,-0.441639897,1
0.936087746,0.197329777,-1
0.563675176,0.757553929,-1
0.905011783,-0.562409778,1
1.950907929,0.103618576,1
1.573207488,-0.406644768,1
0.690800515,0.919143801,-1
1.850751143,-0.081358346,1
-0.330165302,0.909210736,-1
-1.03415109,0.238644051,-1
0.674821013,-0.468030121,1
1.44796479,-0.270274121,1
0.395781105,-0.17272213,1
0.174494416,0.920187887,-1
0.216331174,-0.073111378,1
-0.964542514,0.381605326,-1
1.103242132,0.356771316,-1
-1.08367593,0.227628841,-1
-0.905114461,0.427529988,-1
0.730898952,-0.357566036,1
0.13669812,0.035271297,1
2.005473981,0.319206343,1
0.794579158,-0.548272325,1
1.906861169,0.235433949,1
0.698987182,0.524686491,-1
0.846750341,0.720349327,-1
0.401384904,0.818121658,-1
0.556449233,0.802026274,-1
-0.365970719,0.905544284,-1
-1.07499282,0.216129859,-1
1.772244962,0.082742175,1
1.967747555,0.191911451,1
1.906287638,0.076938768,1
-0.398663589,0.852308904,-1
1.953235276,-0.050796315,1
0.474285174,0.84017778,-1
1.888366202,-0.082084792,1
0.822355371,-0.556944971,1
0.811613192,0.448098442,-1
0.285310885,-0.133587401,1
2.015916506,0.482258102,1
-0.087159736,0.503562902,1
1.637583034,-0.331811567,1
1.810586823,-0.111321766,1
0.108072223,0.248156443,1
1.845528604,0.426731951,1
0.062838742,1.011238764,-1
0.546775589,0.799557767,-1
1.838939639,-0.004768359,1
-0.067973647,0.9954036,-1
1.454507378,-0.372056183,1
1.338091298,-0.507281118,1
-0.751769568,0.733402501,-1
-0.222697131,0.835856714,-1
0.803498556,-0.714590726,1
-0.523229264,0.861293138,-1
1.969856075,0.545827493,1
1.209645511,-0.395538965,1
0.945700117,0.656544578,-1
0.233158894,0.049913043,1
0.677221542,-0.507233488,1
0.510973557,-0.422878774,1
0.688891144,-0.486760868,1
-0.989461569,0.442481498,-1
-0.450429668,0.810829074,-1
0.207210122,1.114783864,-1
-0.620160034,0.762683915,-1
1.924439508,0.039543015,1
-0.161591442,0.96677785,-1
1.127949132,-0.445920018,1
0.937800428,-0.545597413,1
-0.745946277,0.737999493,-1
0.282910925,0.172178166,1
0.485398553,0.816424848,-1
1.924338839,0.173063917,1
0.179512883,-0.156775625,1
1.611583628,-0.087443129,1
-1.005060925,0.233918861,-1
1.926161146,-0.184887249,1
0.46943195,-0.293199794,1
-0.085243892,0.992127066,-1
0.73702481,0.742853898,-1
1.337452738,-0.42822069,1
0.616460458,0.712190023,-1
-0.904867815,0.276128294,-1
-0.529237958,0.984980987,-1
1.279720321,-0.65827848,1
1.340342418,-0.397735983,1
-0.312409539,0.853392613,-1
0.816747259,-0.490544686,1
0.419062009,-0.316541982,1
1.273877082,-0.467584231,1
0.42585925,1.027226287,-1
0.165646105,0.063693754,1
-0.282825557,0.973350801,-1
0.733782562,0.845765561,-1
0.127721927,0.139918187,1
1.380468072,-0.470418687,1
1.690621504,-0.299954689,1
0.284157094,0.789772142,-1
-0.379832036,0.884550102,-1
1.242950093,-0.595583453,1
0.980738121,0.418042889,-1
0.614416122,0.789866668,-1
0.116400398,0.962145864,-1
1.02721694,0.136623999,-1
-0.671762885,0.784023025,-1
0.119386583,0.02808521,1
0.407642003,-0.476794357,1
-0.627872362,0.681450273,-1
1.085136744,-0.489598278,1
1.129720157,-0.5715332,1
1.033188701,0.185972814,-1
0.559567739,1.030750956,-1
-0.926065494,0.438646465,-1
-1.025280528,0.406859775,-1
0.375307527,-0.295631897,1
-0.992301473,0.333344953,-1
0.953654379,-0.501776106,1
0.262055637,-0.150291929,1
2.054814277,0.352209622,1
0.437349115,0.932695552,-1
1.98110062,0.22096705,1
2.007835122,0.315496358,1
1.035184228,0.492528282,-1
1.354769617,-0.457729068,1
1.481765684,-0.508320866,1
1.861732864,0.070517855,1
0.656936264,0.826663995,-1
0.885930639,0.195664497,-1
0.163129282,0.912010026,-1
1.596173274,-0.403473619,1
0.565658393,-0.471079043,1
1.604647213,-0.138677582,1
0.95685265,0.280788871,-1
1.561484167,-0.271364291,1
2.015251328,0.198559898,1
0.937159116,-0.014764448,-1
1.019257971,0.371073697,-1
-0.425949701,0.81425979,-1
-1.080014955,0.070096665,-1
2.008603048,0.193207,1
0.990923303,-0.533756661,1
1.236462119,-0.263502533,1
1.644832173,-0.323266067,1
-0.858722991,0.557427129,-1
0.768743454,-0.572837272,1
1.338255001,-0.415351401,1
-0.717565599,0.657039835,-1
1.042960621,-0.41362088,1
0.983479519,0.19963608,-1
-0.366629895,1.002249419,-1
-0.01250558,0.25058772,1
1.928923397,0.095827036,1
1.354343156,-0.342290686,1
-0.57367952,0.977088413,-1
1.846436218,-0.096343611,1
1.285676095,-0.425056613,1
-1.018600043,0.324862462,-1
1.955590251,0.380512495,1
1.684796767,-0.177247981,1
-0.511412115,0.816040712,-1
1.919421879,0.108584082,1
-0.939640245,0.335441095,-1
0.547740104,0.848352335,-1
0.718273649,0.838720423,-1
1.850043313,-0.095776245,1
0.014768133,1.03710101,-1
-0.229080093,0.991038895,-1
-0.717089153,0.761915075,-1
0.854238008,0.273040407,-1
-0.83763102,0.717172873,-1
-0.147613596,0.970090203,-1
1.417014682,-0.386725758,1
2.075898267,0.203703655,1
1.884054032,0.072979252,1
1.959441733,0.095458284,1
0.317035876,0.985248686,-1
1.921107038,-0.127972365,1
1.443549295,-0.334638356,1
1.083468392,0.189955544,-1
2.011910539,0.288096832,1
2.07074274,0.245049345,1
-0.008787343,0.27801832,1
2.077821349,0.306253543,1
-0.917076837,0.014091496,-1
0.771842628,0.566281127,-1
0.022690397,0.749986072,-1
0.21392985,-0.149026061,1
1.925745646,0.033988441,1
0.149273686,0.096046533,1
0.228330434,-0.268260154,1
1.050638205,-0.425160431,1
1.850449984,-0.221832714,1
0.600377762,0.856416825,-1
0.997473603,0.511856367,-1
0.802492144,-0.299802883,1
0.866956907,0.677819864,-1
0.942159106,0.294333679,-1
0.599918278,0.707933413,-1
1.067438392,0.127546111,-1
0.463935734,-0.228637428,1
0.050435616,0.177658557,1
0.869343931,-0.491050081,1
-0.01263294,0.052273329,1
-0.13446765,0.93162416,-1
-0.004852187,0.453327417,1
0.072491281,0.242778842,1
0.412515904,0.957011344,-1
2.04158922,0.403580507,1
-0.840172525,0.236831759,-1
0.851667328,0.242883996,-1
-0.365504104,0.822552447,-1
0.084739205,0.008234165,1
0.88073378,0.520389889,-1
0.716846161,0.805288786,-1
-0.211382152,0.938814328,-1
1.978632579,0.075217554,1
-0.87726661,0.448499629,-1
0.127894069,0.07220233,1
-0.177897988,0.96809334,-1
-1.009260349,0.506592479,-1
0.295668169,-0.164632392,1
-0.542528819,0.868880904,-1
0.048011961,-0.020026856,1
-0.279833148,0.903564064,-1
-1.003280675,0.043014282,-1
1.228023309,-0.455453886,1
0.60405179,-0.449396168,1
1.317416351,-0.427821035,1
0.727017829,-0.384442459,1
1.843260736,-0.017658144,1
-0.702298144,0.502117021,-1
-0.477132774,0.74651936,-1
-0.867819611,0.299236186,-1
1.191716769,-0.621645362,1
1.954305205,0.305998277,1
1.257401705,-0.432287423,1
-0.028731564,0.264490301,1
-0.571041876,0.70831457,-1
-0.441428281,0.966365614,-1
-0.681854564,0.643475009,-1
-1.082505941,0.132381511,-1
0.289636534,0.888790351,-1
-1.020743323,-0.03419977,-1
0.354202356,-0.202902861,1
-0.964822475,0.059085908,-1
1.538674791,-0.462784962,1
-0.941503915,0.159216151,-1
2.073919944,0.292017415,1
0.106956659,0.008718669,1
2.00738868,0.084413104,1
-0.604873156,0.782527704,-1
0.754199704,0.038188768,-1
1.011397144,0.453120931,-1
-0.692212941,0.728034932,-1
1.784202857,0.035389007,1
0.198425329,-0.238266622,1
0.577173014,0.729775281,-1
-0.960928014,0.26425515,-1
-0.623353887,0.496359937,-1
0.068730517,0.230222488,1
1.698413755,-0.360031854,1
-0.093738897,0.836186481,-1
0.217602875,0.951379968,-1
-0.529167184,0.952496582,-1
-0.425015077,0.84410744,-1
0.316737372,-0.174951278,1
-0.632802913,0.660814264,-1
-0.846152082,0.732146116,-1
1.864234681,0.051868531,1
0.451504092,-0.276438704,1
0.9988203,-0.597411362,1
0.079760934,0.859625223,-1
-0.129495673,1.149948377,-1
0.854936909,-0.647338926,1
0.905957029,-0.467244615,1
1.781881394,-0.09997171,1
0.28455105,-0.281076125,1
0.053187121,1.012240935,-1
0.689220851,-0.367210356,1
-0.805102541,0.20422762,-1
0.566973086,-0.371875449,1
-0.923063898,0.253594384,-1
2.024745227,0.350081505,1
0.644171128,-0.389794726,1
2.079979779,0.491972877,1
1.155679468,-0.517176389,1
-0.831587575,0.508434252,-1
0.085761816,0.311869361,1
1.810189489,-0.056914733,1
0.371252613,0.951173881,-1
0.64897662,-0.491851548,1
-0.868886104,0.516178484,-1
-0.058554888,1.013934511,-1
0.794362922,0.565627558,-1
0.88685367,-0.495928986,1
0.816058372,0.646540233,-1
1.679684402,-0.287822354,1
0.44511645,0.874664227,-1
0.942614404,0.495460694,-1
1.05515994,-0.606142973,1
-0.089560495,0.88586165,-1
1.80816486,-0.130003907,1
1.922292659,0.259666704,1
1.039952404,0.239895064,-1
0.564406789,0.745594368,-1
0.129330403,0.282742983,1
0.961726133,0.138503393,-1
0.985730682,0.252636796,-1
0.955262969,-0.557697513,1
-0.657827156,0.864809365,-1
1.061217788,-0.501450968,1
1.856139351,0.220191188,1
-0.020744759,0.359461767,1
0.224871481,-0.084130716,1
0.895198477,0.241476833,-1
-0.067219545,0.395178762,1
0.465212974,1.045408989,-1
-0.921721275,0.05298761,-1
-0.610130592,0.69634829,-1
-0.817018249,0.540489455,-1
0.202105188,1.012355725,-1
0.737055353,-0.546186971,1
-0.003695031,0.174024929,1
1.43989592,-0.365392538,1
0.572407237,-0.548823793,1
0.1316977,0.107240734,1
-0.91662934,0.386280588,-1
-0.546843296,0.751998799,-1
0.810663124,0.706842837,-1
-1.024694193,0.283700195,-1
1.915593757,0.148746702,1
1.192913735,-0.318636553,1
1.874859643,0.542029164,1
-0.47317788,0.805884494,-1
0.853306504,0.456266199,-1
-0.946588218,0.513491754,-1
0.879903026,0.283365513,-1
-0.917070936,0.551847167,-1
-0.137399564,0.29881042,1
1.047502718,-0.439685681,1
1.807640777,0.207444622,1
0.906016276,0.070179399,-1
0.762851559,0.746042145,-1
-0.484301322,0.860972898,-1
1.175005545,-0.593703591,1
1.722396715,-0.055651396,1
1.864768396,0.022025771,1
0.627012566,0.69484689,-1
1.042712217,-0.502774928,1
1.184571578,-0.320667991,1
0.149851388,0.276172066,1
-0.974167489,0.580248626,-1
-0.991653446,0.051629131,-1
0.016422181,-0.028487143,1
0.422147826,0.776218434,-1
0.917301492,0.37766805,-1
0.438466256,0.953265285,-1
0.11513979,0.054798225,1
-0.493819986,0.885566393,-1
0.584481375,0.740062593,-1
-0.966366661,0.196456174,-1
1.107531795,-0.080848791,-1
0.475063174,0.796131425,-1
0.223332962,1.09282513,-1
0.033820132,0.309209106,1
-0.586523637,0.903545988,-1
0.724928914,-0.523012419,1
-0.095208868,0.377005341,1
1.964692219,0.213069124,1
0.587911241,-0.366566508,1
0.339081909,-0.244562834,1
-0.624965716,0.76987114,-1
0.470083817,-0.507150945,1
1.596891581,-0.386105594,1
0.345537702,0.843844659,-1
0.459209523,-0.147047053,1
0.366615992,0.843864391,-1
0.129342544,-0.006149314,1
1.977887594,0.314418858,1
0.068101797,0.208144246,1
0.731915668,0.733037982,-1
0.500369614,-0.291714488,1
0.797658342,-0.467558222,1
0.321529361,-0.174919293,1
-0.77702239,0.594401225,-1
0.513851184,-0.429459552,1
1.96734356,0.389691588,1
0.090638996,-0.176629171,1
0.115060459,1.1285309,-1
1.199222642,-0.414118582,1
0.474602333,0.963831005,-1
0.256616595,0.133436558,1
-0.042173374,0.350542407,1
1.073184777,-0.440805046,1
1.303895237,-0.509177573,1
0.970342275,0.265855727,-1
0.208381731,-0.334723458,1
-0.802788159,0.584915113,-1
0.60262552,-0.347827319,1
0.026811437,0.91710904,-1
-0.104716177,0.973003217,-1
0.043593945,0.169105069,1
-0.638701678,0.47325863,-1
0.218640729,0.985218568,-1
0.932467334,0.837521385,-1
1.60957912,0.045646118,1
-0.96836408,0.07948664,-1
1.454373046,-0.39508549,1
0.606513999,-0.318150367,1
0.897763507,-0.475298528,1
1.488225924,-0.283164047,1
-0.14607501,0.779665076,-1
-0.409151358,0.907004464,-1
0.196514367,0.986316749,-1
1.527424875,-0.486035509,1
1.012161176,0.566680656,-1
0.116033393,0.864826311,-1
0.728954776,-0.464215032,1
1.43362988,-0.40127324,1
1.732090447,-0.191336564,1
0.995617499,0.063559479,-1
-0.485324663,0.902366615,-1
0.321548627,-0.339544666,1
0.897636392,-0.41180146,1
0.845860876,-0.395433654,1
0.163211067,1.00604449,-1
0.523838831,0.808614586,-1
0.042789472,0.467540337,1
0.967944151,-0.389530702,1
0.938781964,0.298472372,-1
-0.030056462,0.076925749,1
0.205750163,0.18283408,1
-0.31290504,0.943857827,-1
0.190770506,0.962521648,-1
0.016072608,0.309735362,1
-0.205013328,1.006828885,-1
2.081586505,0.546214029,1
0.658575844,0.895095893,-1
0.325795544,0.858079987,-1
1.458690777,-0.418493183,1
0.188399628,0.869854581,-1
0.819097918,0.283162286,-1
0.793588496,0.629693687,-1
0.165739576,0.16086348,1
0.893503578,0.327030486,-1
-1.00777315,0.412868594,-1
-0.281983223,1.005836786,-1
0.526325278,-0.423191826,1
0.714255125,-0.453294115,1
0.333718078,0.966078855,-1
0.818678923,0.588208275,-1
-0.6213884,0.747191616,-1
0.058443939,1.027978661,-1
0.847008404,0.713468276,-1
0.348569768,-0.273666478,1
1.050992882,-9.38E-05,-1
-0.990738475,0.467487263,-1
0.081218488,0.215180889,1
1.862639856,0.375188561,1
0.709716718,0.845886598,-1
1.39456719,-0.415018262,1
1.757343669,0.040493384,1
0.576403114,0.718550458,-1
0.096861447,1.163509016,-1
-0.023861366,1.111634811,-1
1.572744464,-0.374664259,1
0.009852472,0.760816271,-1
0.992302195,0.138042263,-1
0.969654209,-0.54321957,1
1.641387314,-0.245984611,1
-0.952399805,0.194556318,-1
1.778858683,0.054503518,1
0.010793756,0.102588908,1
-0.274455025,0.888510517,-1
-0.010780778,0.265668034,1
1.206260659,-0.349645063,1
-0.242521979,0.918346077,-1
1.396590602,-0.497488798,1
0.54770232,0.876548159,-1
0.234651488,0.954964426,-1
-0.031785857,0.873411442,-1
1.534790313,-0.304102938,1
1.039503206,0.392963387,-1
1.966884039,0.039422467,1
0.469823478,-0.236830579,1
0.866136644,0.167189804,-1
0.149068338,0.2927582,1
0.552140272,0.812457465,-1
0.871279366,0.559751203,-1
0.389465224,-0.321953838,1
0.718119264,-0.608139732,1
0.341136461,-0.417661544,1
0.918246537,-0.482740225,1
0.821265393,-0.527165985,1
1.855486334,-0.054107851,1
1.965827539,-0.004992874,1
0.186752239,0.890663342,-1
0.903663575,0.278373262,-1
1.334967433,-0.538261348,1
0.935004698,0.52946274,-1
-0.713672858,0.644100428,-1
0.117854178,-0.118107977,1
0.783895213,0.55165081,-1
-1.077883368,0.018815635,-1
2.015748377,0.231173858,1
2.009489118,0.34767317,1
0.260979906,-0.272411477,1
0.209169736,0.77575534,-1
0.163399212,0.03836563,1
1.673200985,-0.182216379,1
0.511455373,-0.388297778,1
1.821687739,-0.087639047,1
0.757354075,0.771343747,-1
-0.988626808,0.165165072,-1
-0.800873474,0.70968564,-1
0.011395887,0.379167748,1
1.069545011,0.416621712,-1
1.510129416,-0.41009996,1
-1.02995228,0.249696672,-1
1.629010327,-0.186856319,1
1.084805705,-0.455868712,1
-0.155337005,0.938284771,-1
1.261107506,-0.521778602,1
0.56927312,-0.372224905,1
0.870573647,0.181547125,-1
1.801951413,-0.174563947,1
0.094959783,0.059484533,1
0.014563948,1.048569594,-1
-0.116836518,1.025643006,-1
-0.487007837,0.824528612,-1
-1.032101278,0.27528799,-1
0.917289523,0.30493867,-1
-0.684065969,0.771221667,-1
0.034380776,0.444100473,1
